SC_BGT_Plvl,nwords,cl_av_deps,cl_ndeps_std_dev,acad_av_construction_freq,acad_av_construction_freq_type,acad_av_construction_freq_stdev
SC_BGT_p2,33,2.5,0.763762616,157525.6,157525.6,265227.2788
SC_BGT_p2,67,2.384615385,0.835598499,202825.2,202825.2,220352.7321
SC_BGT_p2,10,1.25,0.829156198,240149.5,291569.3333,256514.3391
SC_BGT_p2,24,1.666666667,0.471404521,365331.1667,421219.4,247034.059
SC_BGT_p2,30,1.857142857,0.638876565,294732.2857,329539.3333,261434.8442
SC_BGT_p2,46,2.625,0.695970545,84958.875,84958.875,129420.8444
SC_BGT_p2,23,2.4,1.019803903,175615.6,175615.6,256621.1707
SC_BGT_p2,39,1.7,0.458257569,314173.9,366636.6667,267782.5004
SC_BGT_p2,84,2.222222222,0.974996043,201403.2778,154006.7692,239565.2561
SC_BGT_p2,236,2.583333333,0.953793595,115258.9706,92102.32143,168414.3351
SC_BGT_p2,81,2.5,1,104923.3125,104923.3125,190612.1472
SC_BGT_p2,52,2.444444444,1.065740339,190960.125,216244.1429,285731.804
SC_BGT_p2,95,2.8,1.326649916,139248.25,97275.8,245334.7315
SC_BGT_p2,227,2.514285714,1.078926148,151430.0313,153060.7931,228669.5971
SC_BGT_p2,68,2.222222222,1.030402055,110708.5,122979.8571,218235.5615
SC_BGT_p2,90,2.133333333,0.805536398,133402.5385,147656.3,179510.2308
SC_BGT_p3,64,2.583333333,0.862006703,173654.9091,167679,206437.1176
SC_BGT_p3,366,2.586956522,1.226094665,165599.6667,153554.641,252336.4155
SC_BGT_p3,180,2.65625,1.07846462,122275.5,110699.1786,187204.175
SC_BGT_p3,197,2.615384615,1.076923077,140026.5217,126282,192150.5985
SC_BGT_p3,132,2.636363636,1.188790621,107165,79684.80952,204842.6441
SC_BGT_p3,138,2.95,1.395528574,103620.4706,92325.25,175167.5973
SC_BGT_p3,133,2.65,1.061838029,104269.8947,83084.70588,169263.7552
SC_BGT_p3,70,2.818181818,0.935966376,89523.77778,89523.77778,121344.5226
SC_BGT_p3,145,2.583333333,1.114924013,108048.4167,82996.21739,198955.5508
SC_BGT_p3,272,2.266666667,1.083205121,157958.5526,160618.8286,243777.3647
SC_BGT_p3,202,2.741935484,1.190493038,144521.2143,118384.6538,217883.0092
SC_BGT_p3,219,2.833333333,1.067187373,136150.6154,110296.7619,169730.0079
SC_BGT_p3,73,2.5,1.118033989,179823.4545,179823.4545,250733.8692
SC_BGT_p3,625,2.552380952,1.137925869,141222.2065,118693.2987,231519.5874
SC_BGT_p3,540,2.349056604,0.990925362,142420.7172,125459.961,226447.9971
SC_BGT_p3,159,2.64,1.091054536,138839.0909,128548.7059,201276.001
SC_BGT_p3,67,1.928571429,0.798595706,137711.3333,148075.6,189541.9018
SC_BGT_p3,78,2.636363636,1.149919149,189406.6,184516.8889,210148.2443
SC_BGT_p3,215,2.8,1.036477551,42863.87879,42727.3871,121270.9555
SC_BGT_p3,212,2.444444444,0.7617394,68639.27273,59190.42857,136758.9013
SC_BGT_p3,106,2.047619048,0.652919486,190875.0476,194161.6842,232419.4511
SC_BGT_p3,76,2.733333333,1.123486636,80944.28571,80120,100408.6655
SC_BGT_p3,123,2.260869565,0.845314004,87912.56522,87912.56522,163395.3926
SC_BGT_p3,57,2.428571429,0.728431359,61361.14286,61361.14286,91682.97414
SC_BGT_p3,97,2.764705882,0.54550697,86123.76471,91719.53333,172197.5307
SC_BGT_p3,52,2.5,0.763762616,83771.75,83606.09091,183609.0919
SC_BGT_p3,86,3.142857143,1.186660552,99515.38462,99515.38462,180024.2065
SC_BGT_p3,65,2.4,0.8,138316,148050.0714,231718.0336
SC_BGT_p3,69,2.294117647,0.748701298,128671.6471,140027.9333,220087.3402
SC_BGT_p3,66,2.714285714,0.795394909,71670.14286,70599.07692,172504.5008
SC_BGT_p3,72,2.4,0.8,92218.73333,92691.92857,181862.6266
SC_BGT_p3,102,2.333333333,0.56343617,78395.95238,63947.5,122516.3942
SC_BGT_p3,130,2.444444444,1.257078722,133813.7083,83774.13636,219244.5883
SC_BGT_p3,92,2.476190476,0.793968191,89214.2381,89380.45,158646.554
SC_BGT_p3,64,2.5,0.731925055,81879.14286,81570.61538,171727.1256
SC_BGT_p3,70,2.5,0.626783171,89036.42857,89036.42857,189379.4798
SC_BGT_p3,244,2.636363636,1.207757296,104016.1795,104016.1795,202688.2282
SC_BGT_p3,54,2.5,0.921954446,190784.4444,179089.5,222288.047
SC_BGT_p3,99,2.444444444,0.955813919,165497.7778,165497.7778,228723.2245
SC_BGT_p3,102,2.5,0.941468872,133053.0526,134107.7059,166000.7004
SC_BGT_p3,153,2.615384615,1.040596097,140427.0833,140427.0833,206484.8329
SC_BGT_p3,167,2.846153846,1.098681297,63868.375,46957.65,97174.00422
SC_BGT_p3,96,3.142857143,0.832993128,26987.69231,26987.69231,40799.01669
SC_BGT_p3,246,2.58974359,0.925921543,158584.1944,140835.7419,219702.1551
SC_BGT_p3,310,2.418604651,0.970076912,180464.35,163240.8235,228945.2153
SC_BGT_p3,238,2.666666667,0.97752522,111751.6923,101716.5909,164252.9456
SC_BGT_p3,238,2.696969697,1.266942119,141581.4,122868.7241,229673.2142
SC_BGT_p3,151,2.55,0.920597632,66365,49642.77778,109143.4566
SC_BGT_p3,132,2.619047619,0.949997016,130018.5263,118670.1765,176865.248
SC_BGT_p3,162,2.461538462,1.247482672,133210.56,121622.0909,192724.3131
SC_BGT_p3,88,2.4375,0.788095013,102083.8125,102083.8125,220993.911
SC_BGT_p3,95,2.333333333,0.992031746,62208.85,62208.85,94111.75123
SC_BGT_p3,91,2.3125,1.157516199,142224.8125,132750.2,223681.2209
SC_BGT_p3,95,2.666666667,0.596284794,71844.06667,71844.06667,82999.34774
SC_BGT_p3,115,2.454545455,1.339174533,177140.3684,177140.3684,267189.6311
SC_BGT_p3,209,2.303030303,0.797148269,132319.6667,103432.88,171071.5686
SC_BGT_p3,136,2.692307692,0.866879052,102035.6087,102035.6087,190172.1565
SC_BGT_p3,134,2.576923077,1.006634794,116817.16,93174.16667,217578.4917
SC_BGT_p3,137,2.692307692,0.866879052,99821.26087,99821.26087,188324.0137
SC_BGT_p3,133,2.72,0.825590698,91809.70833,91809.70833,155708.9186
SC_BGT_p3,140,2.62962963,0.867014808,87528.69231,79656.08,144206.0076
SC_BGT_p3,139,2.730769231,0.901182655,76156.92,76156.92,142350.6962
SC_BGT_p3,139,2.62962963,0.867014808,84331.88462,76331.4,145131.7739
SC_BGT_p3,141,2.62962963,0.867014808,73672.73077,73672.73077,140150.2906
SC_BGT_p3,138,2.62962963,0.867014808,81020.73077,72887.8,146031.4041
SC_BGT_p3,81,2.388888889,0.890623308,197730.9444,204327.2353,250975.0896
SC_BGT_p3,98,2.642857143,0.717848259,58897.5,61345.08333,94183.89934
SC_BGT_p3,92,2.363636364,0.710022698,114624.4091,117472.4444,192140.3526
SC_BGT_p3,141,2.740740741,0.842948643,52542.8,54140.66667,69860.32847
SC_BGT_p3,139,2.703703704,0.895040442,76326.28,78915.125,142286.9171
SC_BGT_p3,65,2.416666667,0.953793595,192458.5,209769.3636,290796.448
SC_BGT_p3,141,2.62962963,0.867014808,84331.88462,76331.4,145131.7739
SC_BGT_p3,138,2.62962963,0.867014808,81303.53846,73181.92,145887.1714
SC_BGT_p3,116,2.428571429,1.217782081,141923.8947,141923.8947,240830.4547
SC_BGT_p3,140,2.62962963,0.908729196,86129.64,77870.70833,147362.9673
SC_BGT_p3,139,2.571428571,0.942207568,105687.0769,98540.8,185907.8689
SC_BGT_p3,141,2.666666667,0.816496581,60769.04,51453.41667,82982.72412
SC_BGT_p3,138,2.666666667,0.816496581,57619.56,48172.70833,83462.31462
SC_BGT_p3,81,2.684210526,0.653140718,75640.22222,69800.125,93821.85396
SC_BGT_p3,141,2.62962963,0.867014808,84331.88462,76331.4,145131.7739
SC_BGT_p3,143,2.5,0.944911183,75865.51852,75063.56,136903.2893
SC_BGT_p3,6,1.5,0.5,385069.5,385069.5,299179.5
SC_BGT_p3,7,1.5,0.5,385069.5,385069.5,299179.5
SC_BGT_p3,6,1.5,0.5,56318.5,56318.5,29571.5
SC_BGT_p3,7,1.5,0.5,385069.5,385069.5,299179.5
SC_BGT_p3,10,2,0,48296,48296,37594
SC_BGT_p3,7,1.5,0.5,385069.5,385069.5,299179.5
SC_BGT_p3,7,1.5,0.5,385069.5,385069.5,299179.5
SC_BGT_p3,7,1.5,0.5,385069.5,385069.5,299179.5
SC_BGT_p3,7,1.5,0.5,385069.5,385069.5,299179.5
SC_BGT_p3,6,1.5,0.5,385069.5,385069.5,299179.5
SC_BGT_p3,6,1.5,0.5,385069.5,385069.5,299179.5
SC_BGT_p3,7,1.5,0.5,385069.5,385069.5,299179.5
SC_BGT_p3,8,1.5,0.5,55790.5,55790.5,30099.5
SC_BGT_p3,12,2.333333333,0.471404521,61892.66667,61892.66667,33728.26713
SC_BGT_p3,6,1.5,0.5,385069.5,385069.5,299179.5
SC_BGT_p3,7,1.5,0.5,342293.5,342293.5,341955.5
SC_BGT_p3,6,1.5,0.5,385069.5,385069.5,299179.5
SC_BGT_p3,7,1.5,0.5,385069.5,385069.5,299179.5
SC_BGT_p3,6,1.5,0.5,342293.5,342293.5,341955.5
SC_BGT_p3,93,2.611111111,0.825892708,140038.1176,151683.5714,215551.4524
SC_BGT_p3,6,1.5,0.5,385069.5,385069.5,299179.5
SC_BGT_p3,6,1.5,0.5,385069.5,385069.5,299179.5
SC_BGT_p3,67,2,0.554700196,154200.2308,159892.75,234122.2675
SC_BGT_p3,106,2.12,0.815843122,114742.76,98342.95238,215541.4764
SC_BGT_p3,126,2.947368421,1.431733738,167692,167692,231526.6796
SC_BGT_p3,36,2.5,0.5,133609.5,133609.5,126615.6862
SC_BGT_p3,39,3,0.534522484,19811.85714,19811.85714,30411.126
SC_BGT_p3,95,2.692307692,0.991084517,78268.23077,84630.83333,178288.1663
SC_BGT_p3,94,3.25,1.16368667,54784.09091,59520,103509.5597
SC_BGT_p3,110,2.764705882,1.00172861,51829.4375,51829.4375,87282.08329
SC_BGT_p3,107,3,1.322875656,38836.64286,38836.64286,64931.09562
SC_BGT_p3,109,2.611111111,1.061387399,184967.2941,184967.2941,248890.1187
SC_BGT_p3,88,2.941176471,1.304769001,179453.4667,175599.1429,263446.7396
SC_BGT_p3,115,2.722222222,0.869581991,127999.8235,105411.0714,180312.1017
SC_BGT_p3,82,2.636363636,1.149919149,187832,125779.875,268600.5328
SC_BGT_p3,122,2.454545455,1.233150906,144083.65,136701.5263,219652.1983
SC_BGT_p3,87,2.857142857,1.245399698,96393.91667,97348.81818,127672.6166
SC_BGT_p3,115,2.5,1.46628783,214936.4118,214936.4118,276326.6865
SC_BGT_p3,103,2.857142857,1.186660552,103003.2308,92135.66667,185817.3984
SC_BGT_p3,105,2.45,1.24398553,178947.9444,149224.3529,275202.1082
SC_BGT_p3,183,2.068965517,0.784814254,152288.7143,149284.0741,195224.0644
SC_BGT_p3,186,2.275862069,1.0470501,207558.3214,184385.04,233423.0017
SC_BGT_p3,158,2.761904762,1.230747427,52526.21053,52526.21053,150841.991
SC_BGT_p3,117,2.954545455,1.106890515,82188.57143,81798.94737,197470.3732
SC_BGT_p3,116,2.631578947,1.08630355,169130.5263,140512.8333,271665.2184
SC_BGT_p3,71,2,0.654653671,95438.61538,104568.8,174580.5638
SC_BGT_p3,72,2.357142857,0.894997435,65034.76923,66918.25,113566.0314
SC_BGT_p3,130,2.363636364,1.149919149,192898.2727,201800.2381,281465.8814
SC_BGT_p3,94,2.9375,1.143937826,111463.6,111463.6,226486.6818
SC_BGT_p3,161,2.413793103,1.034482759,119894.3571,123817.4074,213127.303
SC_BGT_p3,92,2.315789474,0.976170368,56271.22222,54528.94118,82817.40513
SC_BGT_p3,124,2.36,1.162067124,83725.90476,91356.11111,148512.9926
SC_BGT_p3,116,2.388888889,1.379971372,256378.5333,249137.4167,303983.2392
SC_BGT_p3,146,2.392857143,1.046739349,67734.92308,54291.72727,83813.65538
SC_BGT_p3,118,1.814814815,0.721984766,109208.4815,122324.4737,176816.6713
SC_BGT_p3,80,2.4,0.711805217,76039.53333,76039.53333,105318.824
SC_BGT_p3,8,1.5,0.5,385069.5,385069.5,299179.5
SC_BGT_p3,18,2.25,0.829156198,183358.75,183358.75,289657.566
SC_BGT_p3,34,2.5,1,119013.625,144301.5,214939.9539
SC_BGT_p3,30,2.666666667,0.471404521,47757.33333,47757.33333,38248.91475
SC_BGT_p3,33,2.714285714,0.699854212,117191.8571,183349.5,232278.9085
SC_BGT_p3,7,1.5,0.5,342293.5,342293.5,341955.5
SC_BGT_p3,109,2.823529412,0.922611008,49326.13333,49326.13333,90885.83271
SC_BGT_p3,226,2.970588235,1.316977246,71316.53333,72400.31034,151998.8389
SC_BGT_p3,50,2,0.666666667,260674.75,260674.75,271607.7991
SC_BGT_p3,70,2.384615385,0.835598499,80685.90909,80685.90909,102482.8362
SC_BGT_p3,44,2.75,0.661437828,17377.14286,17377.14286,28135.00782
SC_BGT_p3,44,2.571428571,1.049781318,107763.8,107763.8,136897.3904
SC_BGT_p3,46,2.555555556,0.955813919,150383.625,150383.625,233941.1714
SC_BGT_p3,28,2.4,0.8,76185.2,76185.2,108912.6393
SC_BGT_p3,32,1.75,0.433012702,124035.375,124035.375,214543.3626
SC_BGT_p3,33,1.714285714,0.451753951,285320.4286,285320.4286,273506.6578
SC_BGT_p3,161,2.259259259,1.074712454,167878,165028.6087,220554.3192
SC_BGT_p3,194,2.5625,1.028879852,95460.82143,80931.34615,156738.4271
SC_BGT_p3,76,2.615384615,0.923076923,83757.41667,83757.41667,183450.1295
SC_BGT_p3,86,2.263157895,1.017846295,149829.6111,149829.6111,253092.7365
SC_BGT_p3,153,2.482758621,0.932948225,136040.037,95380.58333,247012.1168
SC_BGT_p3,45,2.375,1.111024302,82237.85714,82237.85714,119040.5532
SC_BGT_p3,97,3.416666667,1.320248293,85627.4,85627.4,201024.7865
SC_BGT_p3,59,2.222222222,1.030402055,109182.4444,112094,205317.6737
SC_BGT_p3,63,2.461538462,0.929465075,106717.3846,116817.5455,191808.632
SC_BGT_p3,90,2.388888889,1.061387399,152765.5625,165372.0714,216987.9724
SC_BGT_p3,101,3,1.169795304,110958,112748.5714,226616.1819
SC_BGT_p3,27,3,1.414213562,358807.6667,358807.6667,269283.2454
SC_BGT_p3,180,2.85,1.492481156,140408.9412,129093.5,223609.9107
SC_BGT_p3,78,3.090909091,1.504813214,80958,80958,203426.7439
SC_BGT_p3,143,2,0.5,208543.4167,210744.9333,202963.3093
SC_BGT_p3,320,2.541666667,1.153948535,135361,93476.72222,224881.464
SC_BGT_p3,131,2.724137931,1.361959838,100136.2609,94078.18182,191101.4746
SC_BGT_p3,244,2.547619048,1.138135086,92983.23529,87184.42424,165965.5809
SC_BGT_p3,66,1.916666667,0.759202798,154104.2,154104.2,266365.5266
SC_BGT_p3,237,2.255813953,1.036385114,208673.8095,132059.5,268770.915
SC_BGT_p3,86,2.416666667,0.862006703,95776.83333,95776.83333,204020.0155
SC_BGT_p3,87,2.0625,0.747391296,123734.75,125921.2,171412.2584
SC_BGT_p3,85,2.714285714,1.27775313,102800.5833,102800.5833,119616.0332
SC_BGT_p3,98,2.166666667,0.687184271,28175.125,28175.125,37840.44534
SC_BGT_p3,47,2,0.816496581,134536.6667,134536.6667,140566.1292
SC_BGT_p3,90,2.9,0.943398113,155816.2857,114591.2,121384.5134
SC_BGT_p3,193,2.71875,1.462753717,123551.7407,129801.0417,210057.5479
SC_BGT_p3,174,2.727272727,1.080760879,100167.3548,80337.67857,202958.4177
SC_BGT_p3,65,2.428571429,0.820651807,96857.64286,96857.64286,187536.9799
SC_BGT_p3,39,3.285714286,1.27775313,78402,78402,99058.26781
SC_BGT_p3,56,2.357142857,0.971533608,72601.64286,86600.9,172374.3256
SC_BGT_p3,42,3,0,49168.5,43964.85714,36550.19294
SC_BGT_p3,45,2.777777778,1.030402055,83691.57143,83691.57143,72901.52837
SC_BGT_p3,107,2.578947368,1.09139165,162854.0588,162854.0588,254845.7551
SC_BGT_p3,61,3.222222222,0.916245695,25358.75,25358.75,38160.76576
SC_BGT_p3,95,2.25,0.901387819,144242.6,144242.6,230403.2849
SC_BGT_p3,123,2.545454545,1.405420439,241798.5625,178591.3571,270971.4332
SC_BGT_p3,114,2.105263158,0.911605688,50465.72222,51605.05882,77923.80626
SC_BGT_p3,118,2.315789474,0.861616081,55665.11765,57200.625,79638.01645
SC_BGT_p3,112,2.380952381,0.722178614,106528.8095,50961.5625,117646.2855
SC_BGT_p3,72,2.5,0.866025404,143275.0909,134261.2,146680.1617
SC_BGT_p3,58,2.375,0.484122918,90934.25,90934.25,128204.0218
SC_BGT_p3,115,2.619047619,1.090049823,163166.7778,156038.7059,224252.3599
SC_BGT_p3,193,2.939393939,1.496245684,137016.2963,140077.4231,238911.3751
SC_BGT_p3,148,2.833333333,1.404358296,128763.75,128763.75,213380.6852
SC_BGT_p3,42,2.75,0.433012702,79669.85714,79669.85714,122816.8529
SC_BGT_p3,201,2.5,0.885061203,106429.2414,97022.96296,160269.924
SC_BGT_p3,195,2.473684211,0.993050645,180234.697,169387.2069,236962.5395
SC_BGT_p3,127,2.941176471,0.937492791,31466.13333,31466.13333,64404.98476
SC_BGT_p3,150,3.529411765,1.288758959,34423.5,34423.5,36059.89375
SC_BGT_p3,116,2.294117647,1.125360381,119211.6,119211.6,179235.2703
SC_BGT_p3,233,2.763157895,0.901291778,61751.88235,47839.875,134473.7577
SC_BGT_p3,95,2.428571429,0.820651807,79786.25,79786.25,127667.7368
SC_BGT_p3,200,2.147058824,0.87891487,120316.5882,121209.2903,199422.4865
SC_BGT_p3,98,2.555555556,0.955813919,156553.7778,156553.7778,242641.3949
SC_BGT_p3,164,2.72,1.183891887,97706.69565,89362,164881.4091
SC_BGT_p3,77,2,0.816496581,237071.9286,212405.6667,288461.9164
SC_BGT_p3,76,2.615384615,1.273303489,188655.4167,188655.4167,287607.5824
SC_BGT_p3,162,2.612903226,1.09772255,105237.1667,106290.4444,206278.0725
SC_BGT_p3,50,2.5,1,165822.4286,165822.4286,244700.0295
SC_BGT_p3,108,2.263157895,0.784192865,80320.94444,58001.1875,101903.8895
SC_BGT_p3,108,2.647058824,0.903664206,56726.3125,56726.3125,106242.46
SC_BGT_p3,83,2.5,0.823754471,68353.07143,73357.53846,125008.327
SC_BGT_p3,147,2.96,1.399428455,140489,118910.75,174007.3084
SC_BGT_p3,163,2.714285714,1.220571964,140529.5385,112922.7727,170954.9505
SC_BGT_p3,80,2.307692308,0.91016612,116073.9231,116073.9231,195731.8357
SC_BGT_p3,122,2.4,0.8,110736.2632,96303.58824,171724.4455
SC_BGT_p3,93,2.5,1.118033989,126606.5,126606.5,200194.7044
SC_BGT_p3,131,2.5,0.796627507,93372.84615,85734,155532.8391
SC_BGT_p3,140,2.666666667,0.769800359,74578.2,74578.2,141940.6824
SC_BGT_p3,139,2.703703704,0.852656625,73607.68,73607.68,142730.3002
SC_BGT_p3,141,2.62962963,0.867014808,81303.53846,73181.92,145887.1714
SC_BGT_p3,138,2.555555556,0.955813919,134568.4815,134568.4815,238770.2376
SC_BGT_p3,137,2.692307692,1.13575562,131406.3478,124454.6364,200253.5005
SC_BGT_p3,105,1.888888889,0.737027731,212756.5556,212756.5556,244628.8791
SC_BGT_p3,12,2,1,192131,192131,284805.5976
SC_BGT_p3,48,1.875,0.78062475,103019,103019,109393.9105
SC_BGT_p3,55,2.363636364,0.771389216,83032.27273,83032.27273,192012.649
SC_BGT_p3,162,2.483870968,1.011895945,99588.37037,84807.92,157487.4079
SC_BGT_p3,190,2.473684211,1.019206144,168827.8857,134595.75,238025.794
SC_BGT_p3,112,2.8,0.748331477,40025.77778,43209.125,86900.75445
SC_BGT_p3,309,2.707317073,0.993734087,67777.27778,71803.45455,162354.2099
SC_BGT_p3,90,2.882352941,0.899826973,93157.625,93642.13333,175938.7677
SC_BGT_p3,66,2.466666667,0.718021974,129899.7143,133285.0769,181529.228
SC_BGT_p3,104,2.333333333,1.011050059,133786.1333,133786.1333,195734.8783
SC_BGT_p3,84,2.714285714,1.332482722,146586.4615,158640.25,248321.0719
SC_BGT_p3,73,2.846153846,1.230769231,69130.15385,74731.75,115460.9187
SC_BGT_p3,89,2.625,0.695970545,113810.6667,121467.3571,140569.0393
SC_BGT_p3,132,2.307692308,1.201576873,126523.5417,126523.5417,203653.9734
SC_BGT_p3,109,2.55,0.973396117,112247.8889,112247.8889,212678.0817
SC_BGT_p3,68,2.333333333,1.178511302,124540.5833,124540.5833,250576.796
SC_BGT_p3,77,2.363636364,0.881396338,200391.1,179562.1429,219974.2612
SC_BGT_p3,79,2.538461538,1.216260639,135939.3846,140110.1667,236112.5163
SC_BGT_p3,172,2.578947368,0.87754379,82606.70588,53768,106261.2195
SC_BGT_p3,94,2.545454545,1.437398936,200917.2,191647.5556,264009.0502
SC_BGT_p3,127,2.894736842,1.118962717,41555.125,41555.125,69402.21287
SC_BGT_p3,200,2.586956522,1.074933506,80679.54545,72193.85714,143354.6445
SC_BGT_p3,21,2.6,0.8,23602.6,23602.6,31719.27622
SC_BGT_p3,60,2.6,0.916515139,55988.11111,52250.375,87790.47233
SC_BGT_p3,169,2.925925926,1.245017505,111061.6667,97696.5,189911.696
SC_BGT_p3,122,2.47826087,0.82723033,91558.04762,95369.47368,167729.8853
SC_BGT_p3,66,2,0.632455532,290773.7333,245218.9167,236897.6089
SC_BGT_p3,73,2.571428571,0.979379229,125074.9167,125074.9167,139593.708
SC_BGT_p3,135,2.666666667,1.280190958,108882.1429,102655.55,197332.5218
SC_BGT_p3,126,2.333333333,0.890870806,127011.3,108234.3529,178944.9658
SC_BGT_p3,81,2.615384615,1.211385827,149236.5833,161421.1818,247222.9937
SC_BGT_p3,114,2.5,1.118033989,219788.0625,209949.6,230169.585
SC_BGT_p3,66,2.444444444,0.496903995,188271.7778,188271.7778,157574.2363
SC_BGT_p3,91,2.769230769,1.120016906,146067,146067,202575.0945
SC_BGT_p3,83,2.642857143,1.04246568,193881.8333,229705.6,251095.4534
SC_BGT_p3,89,2.769230769,0.890448993,127490.0769,127490.0769,201814.0001
SC_BGT_p3,86,2.75,1.421560176,96415,96415,128058.1365
SC_BGT_p3,86,2.090909091,0.792527081,304676.4545,333667.8,267881.7618
SC_BGT_p3,135,2.842105263,1.267536271,112975.9375,112975.9375,185750.2915
SC_BGT_p3,84,2.357142857,1.108869621,201987.5,216389.3846,264834.9188
SC_BGT_p3,304,2.452380952,1.095496864,81815.89744,59522.05882,145036.4015
SC_BGT_p3,155,2.838709677,1.05024649,70723.25,62811.37037,151421.1324
SC_BGT_p3,130,2.391304348,1.010343482,127712.6818,120254.0476,203738.2225
SC_BGT_p3,89,2.4,0.952190457,142997.5333,142997.5333,230639.817
SC_BGT_p3,96,2.866666667,0.956846673,101231.2,108325.5,229008.5101
SC_BGT_p3,10,1.666666667,0.471404521,334517.6667,334517.6667,254525.4889
SC_BGT_p3,7,1.5,0.5,385069.5,385069.5,299179.5
SC_BGT_p3,10,1.666666667,0.942809042,33024.33333,33024.33333,17920.40515
SC_BGT_p3,119,2.476190476,1.295378144,182949.8947,177316.8889,218040.6017
SC_BGT_p3,198,2.555555556,1.039349274,171410.7813,163881.9,246439.888
SC_BGT_p3,231,2.552631579,0.992004043,114316.3824,109164.0303,218917.3805
SC_BGT_p3,181,3.142857143,1.355261854,16470.17647,16470.17647,26838.01583
SC_BGT_p3,115,2.789473684,1.150695322,84848.88235,84848.88235,173447.6776
SC_BGT_p3,138,2.409090909,1.230635125,215467.65,222287.5263,253898.0767
SC_BGT_p3,75,2.538461538,0.745796901,93354.30769,93354.30769,185782.6009
SC_BGT_p3,106,2.933333333,1.06249183,100931.2857,56060.69231,238192.0832
SC_BGT_p3,60,2.214285714,0.673855795,118814.3077,109264.3333,118195.7182
SC_BGT_p4,381,2.706896552,1.129672224,107827.8776,86593.54762,168180.6347
SC_BGT_p4,402,2.727272727,1.409335267,107903.3333,90141.4902,174783.4869
SC_BGT_p4,66,2.7,0.781024968,90310.55556,90310.55556,130323.2063
SC_BGT_p4,121,2.772727273,0.901101255,28802.45455,28802.45455,77825.80357
SC_BGT_p4,146,2.476190476,0.957131012,102205.8,103064.5263,201029.0803
SC_BGT_p4,137,3,1.290994449,159414.7333,159414.7333,268989.8317
SC_BGT_p4,155,2.346153846,0.829379179,156272.68,134273.6667,244598.9861
SC_BGT_p4,248,2.4,1.181336343,79917.10811,82100.97222,175458.378
SC_BGT_p4,547,2.52,1.195658814,109493.3882,105253.4267,202314.8906
SC_BGT_p4,292,2.119047619,1.073542887,147247.9231,157699.0294,226915.9294
SC_BGT_p4,186,2.382352941,1.137973066,130476.5625,93558.4,242446.5583
SC_BGT_p4,374,2.347826087,1.139871426,160448.9231,81780.54902,244719.6371
SC_BGT_p4,114,2.181818182,1.301620097,244463.9524,233969.9474,296100.32
SC_BGT_p4,240,2.307692308,1.538461538,156277.7941,153793.7,220151.2518
SC_BGT_p4,277,2.25,0.924211376,178254.5116,173079.4146,260920.6202
SC_BGT_p4,675,2.578947368,1.220402126,111202.3077,93340.69565,199758.7542
SC_BGT_p4,132,2.625,0.992156742,72158.77273,72158.77273,145616.0414
SC_BGT_p4,117,2.25,0.942072184,61300.21053,48908.88889,85147.09603
SC_BGT_p4,66,2.461538462,1.216260639,77205.81818,77205.81818,78025.52647
SC_BGT_p4,100,2.4,0.860232527,127494.75,121920.0526,203978.9374
SC_BGT_p4,301,2.541666667,1.189508535,69935.76744,65511.15789,132224.1662
SC_BGT_p4,182,2.620689655,1.063948181,75289.88462,80751.13043,154365.627
SC_BGT_p4,428,2.857142857,1.22890361,121531.3488,107303.0789,190045.0496
SC_BGT_p4,66,2.5,1.258305739,72690.3,72690.3,80451.79992
SC_BGT_p4,614,2.512195122,1.038806802,92130.25333,78400.7,179884.0799
SC_BGT_p4,574,3.169811321,1.397245931,115539.8605,73680.62162,205327.2596
SC_BGT_p4,429,2.791666667,1.059841445,125970.881,116494.4737,193461.8562
SC_BGT_p4,217,2.325,1.009641025,158689.8889,137094.7647,235384.2729
SC_BGT_p4,221,2.965517241,1.245204833,96320.92,90608.70833,155556.0521
SC_BGT_p4,563,3.092592593,1.337057556,113157.4773,72023.63158,203579.5998
SC_BGT_p4,690,2.516853933,1.071724008,86192.95122,74098.4,165879.8163
SC_BGT_p4,15,3,0.816496581,28904.33333,28904.33333,40296.13017
SC_BGT_p4,144,2.379310345,0.997022917,167737.1071,148762.7917,230422.0944
SC_BGT_p4,161,3.037037037,1.035713441,104383.6522,98518.63636,167462.6347
SC_BGT_p4,143,2.04,0.823650411,158471.6364,152477.7143,260083.0986
SC_BGT_p4,189,2.344827586,1.059468379,97683.15385,101365.92,183085.2648
SC_BGT_p4,101,2.1875,0.807677999,99261.5625,99261.5625,172453.7801
SC_BGT_p4,78,2.058823529,0.725225177,209521.5882,208028.3125,248987.1237
SC_BGT_p4,187,2.59375,0.99559577,119970.7407,121292.9231,187175.7994
SC_BGT_p4,235,2.540540541,1.055093043,96737.14286,69859.72414,148651.7109
SC_BGT_p4,125,2.428571429,0.954758936,92158.05,82043,158453.7774
SC_BGT_p4,101,2.45,1.24398553,175195.3333,73384.6,277297.583
SC_BGT_p4,123,2.111111111,0.874889764,179044.1765,165004.2,221803.4144
SC_BGT_p4,243,2.609756098,1.123540762,102548.7297,76323.5,146830.1654
SC_BGT_p4,113,2.043478261,0.750551152,98902.65217,99494.13636,156541.283
SC_BGT_p4,181,2.142857143,1.156172433,171637.4231,167129.16,261169.5007
SC_BGT_p4,602,2.669724771,1.173523244,97949.78947,95349.92,165914.0277
SC_BGT_p4,252,2.558139535,1.187185955,75726.4359,75726.4359,178560.714
SC_BGT_p4,226,2.534883721,1.226620186,121812.1707,77021.36111,208441.1874
SC_BGT_p4,290,2.377358491,0.936198961,106015.2157,96991.75,184658.696
SC_BGT_p4,75,2.333333333,0.623609564,21058.16667,15164.36364,30780.73182
SC_BGT_p4,330,2.339622642,1.062986115,139265.7925,95094.90698,201835.5248
SC_BGT_p4,27,2.285714286,1.030157507,143064.8333,143064.8333,245524.793
SC_BGT_p4,100,2.47826087,1.379021872,136405.8095,119698.5556,237062.6816
SC_BGT_p4,116,2.727272727,0.962091386,73941.65,73290.78947,154697.4879
SC_BGT_p4,639,2.433333333,1.101009638,117614.4954,107974.0215,194789.1096
SC_BGT_p4,268,2.294117647,1.107799756,164385.5306,142646.5227,237374.9882
SC_BGT_p4,317,2.59375,0.842591798,112771.7049,109525.9818,184641.3227
SC_BGT_p4,253,2.613636364,1.027262671,98598.38095,80175.38889,185571.5674
SC_BGT_p4,555,2.276190476,1.03735229,104594.7549,91178.14286,177219.5989
SC_BGT_p4,183,1.8,0.6,280917.2,280917.2,286448.6824
SC_BGT_p4,199,2.764705882,1.394502305,119351.9,102905.7407,185436.7099
SC_BGT_p4,585,2.736363636,1.141587991,98226.11321,92299.45,194721.0539
SC_BGT_p4,558,2.330188679,1.070370224,90341.39216,78758.58824,164445.8597
SC_BGT_p4,329,2.381818182,0.904351281,136417.6538,130701.8913,202923.7442
SC_BGT_p4,516,2.80952381,1.179953495,121958.5143,94474.7037,190186.6321
SC_BGT_p4,561,2.489130435,1.026756874,113462.4419,94051.57143,180273.8792
SC_BGT_p4,92,2.318181818,1.257210608,114254.8095,85755.1,202170.6996
SC_BGT_p4,15,3,1.632993162,345275,345275,338974
SC_BGT_p4,91,2.210526316,1.004146528,161774.0556,161774.0556,215046.9971
SC_BGT_p4,125,2.071428571,0.997445717,139343.7037,147028.32,237091.1648
SC_BGT_p4,133,2.25,1.042832681,176633.9412,176633.9412,252683.3734
SC_BGT_p4,47,3.714285714,1.385051388,68134.8,68134.8,109201.8728
SC_BGT_p4,70,2.384615385,0.923076923,170820.8182,119478,250859.6666
SC_BGT_p4,96,2.578947368,1.09139165,119928.3684,119928.3684,214304.242
SC_BGT_p4,179,2.64516129,1.403874526,195945.1154,183121.5417,280551.8309
SC_BGT_p4,78,2.166666667,0.897527468,207592.1765,148161.5,270303.765
SC_BGT_p4,85,2.75,0.75,52900.53333,52900.53333,88303.95424
SC_BGT_p4,193,2.310344828,1.177473868,151875.9259,151875.9259,236035.0514
SC_BGT_p4,112,2.238095238,0.971241812,136598.9,136598.9,213971.3903
SC_BGT_p4,351,2.128571429,0.955008281,192356.75,120504.1132,250695.0721
SC_BGT_p4,241,2.744186047,1.058586668,101893.225,104951.5588,144549.7685
SC_BGT_p4,323,2.28,1.077775487,106866.1591,112554.9512,210882.0858
SC_BGT_p4,175,2.542857143,1.078169272,112601.1875,94436.63333,222269.802
SC_BGT_p4,563,2.494505495,1.08307282,131104.7778,104178.8714,210154.328
SC_BGT_p4,295,2.558139535,0.947513897,124906.8571,124560.2727,190896.8244
SC_BGT_p4,121,3.052631579,1.049996702,136447.2308,117204.0833,210932.3181
SC_BGT_p4,146,2.275862069,1.0470501,151156.5926,159786.24,256054.1051
SC_BGT_p4,294,2.259259259,1.05734092,123792.8,109653.2791,191784.0981
SC_BGT_p4,200,2.461538462,1.128787728,208538.0303,128240.4444,274923.0993
SC_BGT_p4,518,2.4,1.319090596,166852.1831,119793.7966,257202.5076
SC_BGT_p4,403,2.217948718,1.008266294,190875.2632,116739.5738,262237.0039
SC_BGT_p4,78,2.545454545,0.78202957,156181.8,156181.8,213608.1265
SC_BGT_p4,560,2.697916667,1.164758484,66141.64198,55050.76812,140191.92
SC_BGT_p4,571,2.711340206,1.166179443,71630.49398,61642.83333,154497.3271
SC_BGT_p4,306,2.275862069,1.030451917,112977.5185,110631.9167,188070.6093
SC_BGT_p4,12,2,0.816496581,233732.3333,233732.3333,318618.8104
SC_BGT_p4,601,2.460784314,0.98689023,162554.0319,107055.7467,215158.0969
SC_BGT_p4,20,3,0.632455532,10527.25,10527.25,10523.12331
SC_BGT_p4,601,2.480392157,1.007135252,161881.086,107166.0933,216121.5407
SC_BGT_p4,561,2.240963855,0.938986398,118534.141,101623.5574,200576.6314
SC_BGT_p4,746,2.464912281,1.010296331,100389.3426,84852.16854,170980.2174
SC_BGT_p4,569,2.7,1.1,103122.5114,78638.81159,151339.8166
SC_BGT_p4,104,2.4,1.240967365,164066.6667,113020.1429,218210.8453
SC_BGT_p4,135,2.541666667,0.911919526,146758.2727,127501.4444,171906.6443
SC_BGT_p4,186,2.378378378,0.910935111,132648.8333,125984.8,178883.5865
SC_BGT_p4,279,2.25862069,1.026550045,158798.1887,133154.625,228873.4984
SC_BGT_p4,89,2.095238095,0.683461909,198245.0476,180982.3529,175736.0514
SC_BGT_p4,12,2,0.816496581,256910.3333,256910.3333,304173.9516
SC_BGT_p4,14,2,0.816496581,256910.3333,256910.3333,304173.9516
SC_BGT_p4,11,2.333333333,0.471404521,30285.33333,30285.33333,39318.4383
SC_BGT_p4,10,1.666666667,0.471404521,262747.3333,262747.3333,299328.7052
SC_BGT_p4,11,1.666666667,0.471404521,256951,256951,304139.6865
SC_BGT_p4,12,2,0.816496581,256910.3333,256910.3333,304173.9516
SC_BGT_p4,13,2.333333333,0.471404521,57993.33333,57993.33333,39242.72679
SC_BGT_p4,15,2,0.816496581,256754.6667,256754.6667,304305.1786
SC_BGT_p4,12,2,1,3815.5,3815.5,2646.5
SC_BGT_p4,9,3,0,6462,6462,0
SC_BGT_p4,9,2,1,12841,12841,6379
SC_BGT_p4,84,2.25,0.829156198,195715.5263,184621,293395.5785
SC_BGT_p4,10,1.5,0.5,385069.5,385069.5,299179.5
SC_BGT_p4,12,1.666666667,0.471404521,264040,264040,298275.9269
SC_BGT_p4,16,2.5,1.118033989,285244.3333,285244.3333,282138.9314
SC_BGT_p4,11,1.666666667,0.471404521,379168,379168,244421.5707
SC_BGT_p4,12,2,0.816496581,256845.6667,256845.6667,304228.4531
SC_BGT_p4,13,1.666666667,0.471404521,262747.3333,262747.3333,299328.7052
SC_BGT_p4,14,1.666666667,0.471404521,263952.3333,263952.3333,298347.088
SC_BGT_p4,122,2.75,1.177921899,125763.4375,100921,170216.6906
SC_BGT_p4,188,2.681818182,1.458092267,123221.75,123221.75,214254.9119
SC_BGT_p4,596,2.535714286,1.16441717,105105.36,81060.22368,149394.8665
SC_BGT_p4,147,2.5,1.474135992,115294.9167,107944.9565,191319.4276
SC_BGT_p4,733,2.739130435,1.06188476,128484.8049,114322.4085,202093.3881
SC_BGT_p4,659,2.477477477,1.121829642,165174.68,130857.038,245495.0592
SC_BGT_p4,342,2.565217391,0.947586727,96492.23256,93585,181607.8625
SC_BGT_p4,312,2.675,0.958840446,90605.97222,69217,146653.1424
SC_BGT_p4,143,2.384615385,0.788226982,147156.9167,147386.2,230064.4399
SC_BGT_p4,814,2.838383838,1.089036927,130767.2,120638.6267,200713.3805
SC_BGT_p4,86,1.913043478,1.176326022,66974.63636,70897,139931.1123
SC_BGT_p4,14,1.25,0.433012702,48323,48323,28870.04689
SC_BGT_p4,131,2.681818182,0.761957028,93961.19048,82841.72222,167763.7937
SC_BGT_p4,106,2.714285714,0.958314848,103286.1429,89358.61538,187293.1998
SC_BGT_p4,333,2.422222222,1.255899658,183736.2683,113985.3448,249172.522
SC_BGT_p4,400,2.111111111,0.96864421,128564.2632,125182.6,204951.9823
SC_BGT_p4,120,2.454545455,1.37269717,127594.3,119344.3158,165329.6789
SC_BGT_p4,189,3.041666667,1.206895697,77994.22222,77994.22222,162028.5672
SC_BGT_p4,349,2.032258065,0.822422502,145492.4068,138844.7143,203013.6746
SC_BGT_p4,399,2.484848485,1.157877162,101779.4211,80452.75,182386.8317
SC_BGT_p4,428,2.388059701,1.208863088,157598.45,110082.84,241039.0108
SC_BGT_p4,357,2.618181818,1.103562975,111730.1667,98535.29268,169883.418
SC_BGT_p4,1104,2.764044944,1.22265572,77825.15723,64368.29365,144612.8336
SC_BGT_p4,133,2.826086957,0.86738858,68821.95652,39040.15,105165.1093
SC_BGT_p4,58,2.466666667,1.146976702,187199.3846,187199.3846,244668.8904
SC_BGT_p4,458,2.698412698,0.902112523,88516.57143,60082.33333,122143.1237
SC_BGT_p4,18,1.4,0.8,290414.4,290414.4,321980.267
SC_BGT_p4,26,2.4,0.489897949,52550.2,52550.2,29813.71882
SC_BGT_p4,91,2.25,0.901387819,77861.5,58561.26667,128795.8742
SC_BGT_p4,199,2.8,1.190438095,99920.20588,94604.65625,193949.5089
SC_BGT_p4,169,2.586206897,1.189530228,63711.07692,59435.65217,138194.9361
SC_BGT_p4,180,2.4,1.126308763,83963.41176,62538.82759,140582.8335
SC_BGT_p4,167,2.21875,1.13837535,145366.5313,143970.8929,219540.2285
SC_BGT_p4,181,2.709677419,1.053214691,82121.74074,82121.74074,177848.1795
SC_BGT_p4,139,2.740740741,0.965807764,107120.4615,102068.72,184875.6432
SC_BGT_p4,156,2.870967742,0.975239771,35467.86667,35467.86667,76840.36967
SC_BGT_p4,299,2.654545455,1.28230165,99620.7551,90170.38095,175150.3785
SC_BGT_p4,210,2.257142857,0.905313115,224632.9714,216831.6452,262154.9169
SC_BGT_p4,96,3,1.188177052,49939.30769,49939.30769,77723.33044
SC_BGT_p4,148,2.655172414,0.956857719,94167.88889,77145.16667,157278.1089
SC_BGT_p4,126,2.653846154,0.917450803,88757.66667,79978.72727,160279.5894
SC_BGT_p4,167,3.166666667,0.897527468,59650.77778,46433.52941,96101.41029
SC_BGT_p4,89,2.5,0.866025404,63679.73333,51555.85714,95993.6843
SC_BGT_p4,184,2.821428571,0.96560756,86773.375,42822.68421,110942.9641
SC_BGT_p4,266,2.978723404,1.020833237,83375.975,62460.91667,122899.7542
SC_BGT_p4,163,2.538461538,1.008836696,133442.4286,109338.7778,180506.0332
SC_BGT_p4,99,2.470588235,0.775935645,95684.05882,95684.05882,216052.9902
SC_BGT_p4,212,2.529411765,1.143660123,181187.4333,181187.4333,252957.153
SC_BGT_p4,125,2.789473684,1.238800242,168292.4706,168292.4706,251109.4651
SC_BGT_p4,150,2.52173913,1.09820269,82757,82757,154397.6228
SC_BGT_p4,143,2.642857143,1.108869621,131532.037,131884.7692,238412.7643
SC_BGT_p4,116,2.684210526,1.258764289,106530.0556,106530.0556,212307.872
SC_BGT_p4,97,2.529411765,1.03569511,158521.5,133557.3333,177276.9671
SC_BGT_p4,83,2.133333333,0.718021974,84463.42857,84463.42857,177660.7197
SC_BGT_p4,134,2.590909091,1.435241219,151281.6316,121672.3333,221958.0947
SC_BGT_p4,202,2.214285714,0.988883793,113954.6154,91922.18182,161349.9553
SC_BGT_p4,247,2.666666667,1.541450089,177031.4,146290.9394,252355.6521
SC_BGT_p4,206,2.476190476,1.159599587,130205.7179,92648.48571,206820.4217
SC_BGT_p4,60,1.733333333,0.77172246,353758.1429,328335.7692,269585.2259
SC_BGT_p4,132,2.333333333,1.213351648,178828.4091,176229.0952,232386.287
SC_BGT_p4,162,2.52173913,1.015940995,212413.35,186297.0667,209468.177
SC_BGT_p4,177,2.576923077,1.182340473,218186.2174,207696.9412,224217.0904
SC_BGT_p4,189,2.606060606,0.982865136,109800.3871,103982.2667,186492.4674
SC_BGT_p4,327,2.26,0.82,141402.7917,123250.4615,181036.427
SC_BGT_p4,289,2.975609756,1.387888462,90368.27273,78723.04167,126428.1968
SC_BGT_p4,367,2.6875,0.966226552,99869.78333,91012.89286,173166.8851
SC_BGT_p4,344,2.34375,1.148623497,124143.8036,91979.38,212401.3245
SC_BGT_p4,171,2.258064516,0.949286385,229011.2069,230749.76,246266.7997
SC_BGT_p4,309,2.416666667,1.114924013,172419.4773,100904.3056,256552.4553
SC_BGT_p4,529,2.407894737,1.137606346,140179.1739,123818.5,240460.3202
SC_BGT_p4,289,2.525,1.284279954,76158.86486,67172.85714,130609.5955
SC_BGT_p4,89,2.571428571,1.237179148,152242.1667,140232.9091,189506.3085
SC_BGT_p4,82,2.357142857,1.287696884,85634.46154,85634.46154,183358.2236
SC_BGT_p4,38,2.714285714,1.030157507,25314,25314,43692.50708
SC_BGT_p4,338,2.734693878,1.366889963,147706.775,137320.1176,224367.9928
SC_BGT_p4,191,2.791666667,1.383810159,65484.38889,65484.38889,109036.7176
SC_BGT_p4,455,2.753623188,1.147218402,89985.38596,74501.29412,192845.8499
SC_BGT_p4,113,3,1.285369174,26659.68421,26659.68421,64185.93832
SC_BGT_p4,380,3.215686275,1.445937182,76116.17949,56684.14286,110800.9659
SC_BGT_p4,65,2.583333333,1.656217243,240723.1111,185282.375,314639.8157
SC_BGT_p4,217,2.633333333,1.224291178,100991.0455,100991.0455,192265.9872
SC_BGT_p4,480,2.767123288,1.128953303,112544.0938,68292.375,214086.6829
SC_BGT_p4,250,2.866666667,1.359738537,66261.78378,61618.66667,130262.6641
SC_BGT_p4,280,2.652173913,1.087825739,115937.5641,101903.6944,197463.0866
SC_BGT_p4,291,2.317073171,0.839251246,72864.19512,70126.23684,127250.5544
SC_BGT_p4,108,2.631578947,1.133718907,117683.4211,86207.55556,215110.936
SC_BGT_p4,374,3.02,1.348925498,50836.20455,42142.02381,86592.98036
SC_BGT_p4,75,2.5,1.118033989,115911.3571,115911.3571,233343.8602
SC_BGT_p4,329,2.477272727,0.865727134,60513.68182,64076.075,122305.7307
SC_BGT_p4,338,2.44,1.022936948,98363.6383,97242.8,197749.1806
SC_BGT_p4,607,2.440860215,1.082235496,139149.494,94922.55556,218313.9029
SC_BGT_p4,90,2.117647059,0.582323232,189042.2941,139494,131744.8079
SC_BGT_p4,79,2.2,0.979795897,229881.0714,194929.6923,231846.1412
SC_BGT_p4,140,2.545454545,1.195722403,86616.73684,63354.70588,118611.3171
SC_BGT_p4,221,2.459459459,1.055093043,168097.3438,164631.5,238219.9454
SC_BGT_p4,104,2.619047619,0.898474394,112708,118879,179434.1688
SC_BGT_p4,198,2.428571429,1.076653925,67107.77419,65095.39286,122151.2563
SC_BGT_p4,125,2.454545455,1.03252879,202563.5,197119.2941,234960.7145
SC_BGT_p4,89,2.4,0.879393731,129049.9333,129049.9333,193502.8563
SC_BGT_p4,102,2.227272727,0.901101255,183131.7619,170788.8421,236832.8816
SC_BGT_p4,151,2.35483871,1.206123813,261467.3571,262506.3704,299777.4078
SC_BGT_p4,623,2.644230769,1.099984871,73549.18367,61937.88608,118679.1253
SC_BGT_p4,146,2.761904762,1.064794275,134990.4737,116536.0625,173753.1714
SC_BGT_p4,418,2.693548387,1.101153496,100553.4545,96391.58824,196763.9154
SC_BGT_p4,470,2.742424242,1.00469513,85121.18644,78963.2037,175886.5503
SC_BGT_p4,432,2.865384615,1.256197653,88749.5625,63782.225,171809.9274
SC_BGT_p4,582,2.808219178,1.130614262,132044.4839,111248.6981,183035.5222
SC_BGT_p4,125,2.652173913,0.914078089,87307.42857,77772.68421,159329.8677
SC_BGT_p4,361,2.642857143,1.186660552,100099.0204,94426.04255,194899.2489
SC_BGT_p4,104,2.083333333,0.812232862,152644.0833,115031.7895,192674.1408
SC_BGT_p4,640,2.87654321,1.221036961,109083.9571,95402.93548,170368.0359
SC_BGT_p4,111,2.411764706,0.599884649,71864.46154,51273.09091,98612.31988
SC_BGT_p4,566,2.354166667,1.136324179,137615.5172,132336.7361,213766.5398
SC_BGT_p4,96,2.5,0.935414347,110054.9286,97544.58333,185706.3696
SC_BGT_p4,264,2.777777778,1.280432026,61655.88889,51466.84848,95583.6989
SC_BGT_p4,353,2.015151515,0.912745181,158122.5,151143.5818,231991.7695
SC_BGT_p4,262,2.458333333,1.290321881,67753.13043,60223.09091,148052.0417
SC_BGT_p4,160,2.206896552,0.846058217,199745.6296,200915.92,239292.5035
SC_BGT_p4,353,2.015151515,0.912745181,158122.5,151143.5818,231991.7695
SC_BGT_p4,322,2.476190476,1.152735089,109934.7414,74429.63462,183618.4172
SC_BGT_p4,162,2.566666667,1.02252411,89847.10345,90140.22222,161358.9064
SC_BGT_p4,101,2.111111111,0.874889764,247282.6875,225957.6154,251185.4745
SC_BGT_p4,88,2.4375,1.116285694,100267.625,100267.625,183778.6486
SC_BGT_p4,14,3.5,0.5,12655.5,12655.5,12153.5
SC_BGT_p4,246,2.543478261,1.263303498,118745.7179,112274.8333,201347.5141
SC_BGT_p4,163,2.483870968,1.011895945,69329.82143,56932.56,104744.1643
SC_BGT_p4,96,2.666666667,1.154700538,106275.6,106275.6,186123.1627
SC_BGT_p4,179,2.655172414,1.320288946,84204.54167,84204.54167,149804.7993
SC_BGT_p4,87,2.166666667,0.957427108,206586.4706,204909.75,246081.9387
SC_BGT_p4,507,2.542168675,1.089945338,141097.641,125100.0857,235345.2023
SC_BGT_p4,59,3,1,26872.5,26872.5,34329.20581
SC_BGT_p4,433,2.46969697,1.17059551,78981.31667,69524.64815,147594.2404
SC_BGT_p4,239,2.476190476,1.029056323,98741.66667,95439.57576,160654.7433
SC_BGT_p4,572,2.422680412,1.18264993,141832.8427,117113.0286,207893.1557
SC_BGT_p4,85,2.2,0.8326664,148297.2857,137832.1538,238150.4985
SC_BGT_p4,369,2.215384615,0.936315326,153104.1563,99527.96226,227317.6089
SC_BGT_p4,409,2.615384615,1.224019956,74207.54098,66453.54545,154108.7293
SC_BGT_p4,204,2.724137931,1.110965772,63949.58333,63949.58333,118649.0105
SC_BGT_p4,117,2.681818182,1.017410422,81488.47619,60135.26316,166206.1921
SC_BGT_p4,138,2.608695652,1.436757534,82454.05263,82454.05263,152985.0983
SC_BGT_p4,108,2.45,0.864580823,60343.25,50236.66667,93859.68804
SC_BGT_p4,14,2.5,0.5,196087,196087,171278
SC_BGT_p4,224,2.2,1.190438095,160059.5758,118849.6552,255410.7786
SC_BGT_p4,494,2.493975904,1.185997562,153485.2267,128810.3906,239978.865
SC_BGT_p4,161,2.740740741,1.141558149,107767.5417,107767.5417,173334.549
SC_BGT_p4,265,2.2,0.632455532,161344.7143,133438.3548,174915.35
SC_BGT_p4,124,2.137931034,1.105601348,88061.82143,95045.625,175155.644
SC_BGT_p4,245,2.5,0.897527468,119101.4839,102166.2963,180936.2981
SC_BGT_p4,89,2.363636364,0.931540979,70820.2,59582.10526,106046.0044
SC_BGT_p4,489,2.565789474,1.055505944,120915.3824,88447.03704,180178.7318
SC_BGT_p4,238,2.763157895,1.037055816,86309.31429,86343.69697,168661.7145
SC_BGT_p4,227,2.371428571,0.897161055,112034.2059,90984.84,175387.4988
SC_BGT_p4,149,2.678571429,1.036945082,101128.36,90035.16667,174138.0231
SC_BGT_p4,79,2.25,0.901387819,155673.875,155673.875,255988.8672
SC_BGT_p4,356,2.467741935,1.103041864,109114.7636,94249.19149,200166.4621
SC_BGT_p4,450,2.465753425,1.159619585,161847.2424,141122.1724,241282.0086
SC_BGT_p4,204,2.806451613,1.229197347,151674.7407,118428.375,238345.5468
SC_BGT_p4,203,2.529411765,1.169094524,142183.7333,142257.3571,224768.378
SC_BGT_p4,15,1.75,0.433012702,51784.75,51784.75,36675.12985
SC_BGT_p4,125,2,1.123902974,163626.3684,156919.8333,209113.6369
SC_BGT_p4,132,3.4375,1.273221799,51517.33333,51517.33333,94204.24945
SC_BGT_p4,169,2.866666667,0.956846673,79211,66291.77273,154014.5456
SC_BGT_p4,93,3.125,1.165922382,62784.35714,62784.35714,173967.1622
SC_BGT_p4,170,2.391304348,1.09302653,110970.8,104526.4211,137203.8828
SC_BGT_p4,110,3.157894737,1.386519987,24323.11765,24323.11765,66010.2655
SC_BGT_p4,136,2.545454545,0.78202957,105581.4286,99189.8,200308.677
SC_BGT_p4,274,2.707317073,1.15280998,112816.2162,105441.5,193102.7639
SC_BGT_p4,135,2.8,0.92736185,114441.3,84451.42105,239894.6307
SC_BGT_p4,128,3,1.243163121,60564.94737,60564.94737,157059.3262
SC_BGT_p4,122,3.086956522,1.138765292,52945.57895,38246.52941,73521.22572
SC_BGT_p4,98,2.157894737,0.811960454,161933.2105,140158.625,216186.5235
SC_BGT_p4,158,2.785714286,1.423204203,80774.41667,54536.3913,184699.2338
SC_BGT_p4,149,2.916666667,1.552328001,91179,91179,164230.6057
SC_BGT_p4,217,2.6,1.2,127250.9355,116416.931,184991.5026
SC_BGT_p4,18,1.6,0.8,353717.8,353717.8,283036.6388
SC_BGT_p4,52,2.5,1.118033989,224446.1111,166970.75,264058.1842
SC_BGT_p4,96,2.523809524,1.331631567,65538.5,65538.5,151232.0262
SC_BGT_p4,36,2,0.707106781,94918.75,94918.75,83166.83004
SC_BGT_p4,97,2.55,1.071214264,165268.85,165268.85,244948.9907
SC_BGT_p4,116,2.956521739,1.122042426,79881,69564.52632,117468.4662
SC_BGT_p4,318,2.586956522,1.190105712,123398.075,114927.2368,212820.8229
SC_BGT_p4,435,2.481481481,0.937702882,153531.22,119660.4878,207401.0453
SC_BGT_p4,378,2.672413793,1.194642221,186404.0769,138835.6047,239754.8156
SC_BGT_p4,345,2.540983607,1.22238373,173419.5965,137299.6458,255888.7222
SC_BGT_p4,253,2.275,1.117754445,175129.2105,166774.2353,229030.1683
SC_BGT_p4,453,2.863636364,1.1399942,104613.5345,81612.54,171928.0729
SC_BGT_p4,118,3.05,0.864580823,17620.36842,17620.36842,30995.65225
SC_BGT_p4,362,2.513888889,1.013698612,113216.6324,106894.371,179546.8728
SC_BGT_p4,120,2.380952381,0.949997016,57886.65,59710.47368,147190.5609
SC_BGT_p4,300,2.293103448,1.082917845,176210.3684,147601.4681,242711.7639
SC_BGT_p4,307,2.327586207,1.006666247,164779.0714,139684.5106,226682.3407
SC_BGT_p4,76,2.307692308,0.821313712,125437.7692,125437.7692,239312.8951
SC_BGT_p4,157,2.032258065,0.999479573,183387.8333,146324.3077,247177.7472
SC_BGT_p4,434,2.602272727,1.143556779,118032.9878,98881.50685,201142.1368
SC_BGT_p4,509,2.412371134,1.062506056,132554.8132,119555.4359,211583.1099
SC_BGT_p4,196,2.515151515,1.395256295,109161.7931,105421.7778,204818.3448
SC_BGT_p4,343,2.365079365,1.043522534,149429.5263,122399.2889,204926.5922
SC_BGT_p4,84,3,1.032795559,59102.86667,46652.07143,113200.298
SC_BGT_p4,159,2.678571429,1.070833168,61348.14286,61348.14286,148686.7162
SC_BGT_p4,188,2.935483871,1.10528011,66947.92593,46360.43478,93702.8517
SC_BGT_p4,346,2.333333333,1.105541597,171709.2407,156613.1569,260154.2296
SC_BGT_p4,334,2.607843137,1.189470658,120166.0667,121760.3023,215679.5124
SC_BGT_p4,61,2.153846154,0.769230769,140538.9231,140538.9231,188736.151
SC_BGT_p4,343,2.8,1.326649916,154664.7273,116694.7037,225924.1264
SC_BGT_p4,313,2.277777778,1.192828364,112412.9167,101818.4048,159481.4543
SC_BGT_p4,432,2.353846154,1.245678922,138511.8644,116086.283,221673.017
SC_BGT_p4,181,2.40625,1.114096467,129754.1724,124343.7391,167061.0055
SC_BGT_p4,669,2.981981982,1.451820739,102500.9775,89215.18072,181949.1563
SC_BGT_p4,184,2.405405405,1.304036549,110589.4242,110589.4242,203120.8271
SC_BGT_p4,324,2.309090909,1.204125141,114665.449,99494.09302,158917.0729
SC_BGT_p4,671,2.936363636,1.390076994,84497.89362,70812.88636,166019.8004
SC_BGT_p4,320,2.435483871,1.086886167,112910.4746,99623.73585,174084.2744
SC_BGT_p4,192,2.837837838,1.24147936,116283.8235,111981.75,198569.4193
SC_BGT_p4,68,2.375,0.856956825,194367.75,188789.7143,213366.4907
SC_BGT_p4,174,2.59375,0.896499268,99607.12903,101489.0333,198811.5927
SC_BGT_p4,163,2.43902439,0.856788686,78867.33333,78182.06452,128994.1131
SC_BGT_p4,257,2.522727273,1.252064411,178718.3846,156676.1714,239713.809
SC_BGT_p4,354,2.369565217,1.070528022,167669.625,145456,214711.1057
SC_BGT_p4,17,2.333333333,1.247219129,37839.33333,37839.33333,35580.07321
SC_BGT_p4,85,2.692307692,1.13575562,174301.4167,174301.4167,256507.6175
SC_BGT_p4,144,2.083333333,0.953793595,247737.6957,244251.381,279734.0623
SC_BGT_p4,23,2.6,1.019803903,5725.4,5725.4,10106.42353
SC_BGT_p4,31,3.5,1.258305739,22023.5,22023.5,36875.45165
SC_BGT_p4,266,2.791666667,1.353365147,93629.38889,88247.76471,190184.1185
SC_BGT_p4,35,3.333333333,1.247219129,77495.2,77495.2,145017.835
SC_BGT_p4,27,2.833333333,1.572330189,21670.4,21670.4,22824.11601
SC_BGT_p4,16,3,1.414213562,43502,43502,42388
SC_BGT_p4,30,3.333333333,1.374368542,113615.75,113615.75,150583.225
SC_BGT_p4,31,3.5,1.258305739,22023.5,22023.5,36875.45165
SC_BGT_p4,132,2.826086957,1.048898964,64432.71429,53437.15,106983.2518
SC_BGT_p4,31,3.333333333,1.247219129,23247.25,23247.25,36202.47472
SC_BGT_p4,255,2.333333333,1.233072519,117269.92,90319.93023,176582.3322
SC_BGT_p4,295,2.76119403,1.198127298,119320.1552,111920.4694,191264.9531
SC_BGT_p4,484,2.761904762,1.13688918,110238.3393,81896.66667,175004.3875
SC_BGT_p4,432,2.441558442,1.122306374,134079.8955,117010.8475,213065.3608
SC_BGT_p4,277,2.352941176,0.986646716,72590.08333,66713.72727,148550.4975
SC_BGT_p4,176,2.5625,1.028879852,149545.3871,123112.8846,190712.8759
SC_BGT_p4,116,2.535714286,0.905623024,42946.33333,42946.33333,82136.38575
SC_BGT_p4,67,2.5,0.806225775,61092.7,61092.7,107768.8247
SC_BGT_p4,314,2.632653061,1.082210088,132367.4,128913.3864,209915.5611
SC_BGT_p4,517,2.873563218,1.379693433,108241.7179,64382.25373,216780.0396
SC_BGT_p4,75,3.4,1.428285686,54195.16667,54195.16667,103344.9759
SC_BGT_p4,12,1.333333333,0.471404521,258584.3333,258584.3333,302769.291
SC_BGT_p4,125,1.8,0.848528137,128604.9565,128888.7727,153119.0725
SC_BGT_p4,12,1.5,0.5,45752,45752,40138
SC_BGT_p4,380,2.578125,1.129223842,121326.8966,120884.3585,196971.1504
SC_BGT_p4,267,2.6,1.019803903,116214.4857,111269.5,181406.8866
SC_BGT_p4,377,2.641509434,1.493310108,138202.2553,106486.4286,216569.5671
SC_BGT_p4,444,2.25974026,0.985644985,128901.08,98835.14925,230389.1635
SC_BGT_p4,216,2.424242424,1.128965819,115826.0333,91325.64286,211866.3773
SC_BGT_p4,481,2.48,1.135605565,132007.6866,100692.6034,205588.4746
SC_BGT_p4,683,2.536585366,1.061466105,70714.03571,68533.29592,150944.0703
SC_BGT_p4,371,2.344827586,1.043067825,173252.8333,124375.119,227613.2098
SC_BGT_p4,394,2.37704918,0.994475468,154713.0526,106101.9318,225601.3314
SC_BGT_p4,653,2.547008547,1.097750042,80038.46667,82382.54255,166385.8548
SC_BGT_p4,269,2.604651163,1.059607977,57342.08108,43137.08824,83506.552
SC_BGT_p4,93,1.882352941,1.13149318,133244.3571,125539,167920.9777
SC_BGT_p4,213,2.709677419,1.249349467,70343.11111,62112.30769,145865.0862
SC_BGT_p4,174,2.636363636,1.366663307,146950.8462,137623.5,212407.3963
SC_BGT_p4,292,2.547619048,0.980825234,98206.78947,98206.78947,175424.558
SC_BGT_p4,73,3.555555556,0.684934889,5311.833333,5311.833333,5356.976741
SC_BGT_p4,306,2.745098039,1.044934321,105761.6957,97644.31818,169536.4663
SC_BGT_p4,108,2.913043478,1.017799992,88973.10526,88973.10526,206753.4094
SC_BGT_p4,60,2.909090909,1.083306844,11169.375,11169.375,14408.91442
SC_BGT_p4,597,2.650485437,1.120928342,133842.1613,87354,217119.0067
SC_BGT_p4,469,2.450704225,1.004058418,129219.0588,110951.2131,220416.7525
SC_BGT_p4,209,2.821428571,1.070833168,51796.375,50461.40909,74954.73042
SC_BGT_p4,164,2.62962963,0.986882414,132157.0455,127335.2857,208415.1001
SC_BGT_p4,396,2.421052632,1.09139165,175211.169,164021.1774,242906.9922
SC_BGT_p4,310,2.148148148,0.825685067,152222.4906,114042.7,241864.3304
SC_BGT_p4,77,2.416666667,1.255543264,138854.5,125628.1818,196191.2829
SC_BGT_p4,144,2.222222222,1.133115447,185176.0385,162371.4167,257903.2122
SC_BGT_p4,111,2.45,0.589491306,87818.1,87818.1,163353.4509
SC_BGT_p4,105,1.888888889,0.936238864,105097.6111,89058.0625,160996.1673
SC_BGT_p4,89,2.411764706,1.087837765,143826.7059,145168.3125,219196.1764
SC_BGT_p4,379,2.470588235,1.077450534,184107.9538,143377.9423,237468.9485
SC_BGT_p4,301,2.272727273,1.030525823,105507.05,88111.32353,148396.4035
SC_BGT_p4,97,2.578947368,1.269719798,62465.76471,62465.76471,96360.70382
SC_BGT_p4,143,2.166666667,0.833333333,201721.8333,166400,249220.108
SC_BGT_p4,262,2.675675676,1.231436297,113739.2258,99310.40741,184119.1342
SC_BGT_p4,177,2.724137931,1.310344828,53707.36,54885.86957,133838.2447
SC_BGT_p4,87,2.933333333,1.123486636,43430.25,43430.25,66799.23519
SC_BGT_p4,330,2.387755102,1.04620454,109846.1522,97791.46154,165027.1596
SC_BGT_p4,94,2.571428571,1.115749954,96581.91667,96581.91667,192481.7015
SC_BGT_p4,169,2.166666667,0.819891592,184647.8333,170097.5455,206504.896
SC_BGT_p4,49,1.857142857,0.638876565,168261.8571,168261.8571,242369.0706
SC_BGT_p4,310,2.413043478,0.874172577,92951.3913,79247.75,139850.0089
SC_BGT_p4,295,2.0625,0.922095666,179159.2128,146403.7368,224846.7723
SC_BGT_p4,229,2.28125,1.037857619,177179.8065,142209.5172,277751.7386
SC_BGT_p4,139,2.448275862,1.069521546,121338.4444,99688.03846,214479.2169
SC_BGT_p4,285,2.711111111,1.240469843,78493.92857,62659.30769,158211.6881
SC_BGT_p4,158,2.7,1.1,93011.24138,86177.92857,160160.4749
SC_BGT_p4,293,2.735849057,1.361893014,145863.7111,139422.7674,232287.846
SC_BGT_p5,123,2.318181818,1.061147048,167777.8095,157798.45,215619.1447
SC_BGT_p5,293,2.62,1.263170614,130304.9286,130304.9286,239594.3166
SC_BGT_p5,315,2.911111111,1.244047556,121828.2973,104826.4375,180544.6413
SC_BGT_p5,339,2.52,1.135605565,59202.9,47353.36842,92228.5185
SC_BGT_p5,133,2.428571429,0.979379229,98629.08,105965.7826,165090.0256
SC_BGT_p5,670,2.784090909,1.326725837,145019.6849,115476.9344,219162.4727
SC_BGT_p5,89,2.277777778,0.931280812,180153.7778,178989.375,191828.8567
SC_BGT_p5,757,2.596774194,1.135350982,129499.1966,102063.3333,204405.2006
SC_BGT_p5,874,2.721428571,1.225140558,131535.3952,101915.7736,214868.3634
SC_BGT_p5,545,2.477777778,1.343525857,125390.45,120810.2206,209619.3437
SC_BGT_p5,919,2.736486486,1.18185314,111316.697,93195.61062,191587.3193
SC_BGT_p5,767,2.585365854,1.132856159,123146.7627,97211.68817,201674.7814
SC_BGT_p5,461,2.464788732,1.160754804,159872.3333,149407.4032,239621.8059
SC_BGT_p5,118,2.095238095,1.064794275,173484.7,173484.7,241920.9541
SC_BGT_p5,94,2.444444444,1.065740339,92961.17647,92961.17647,168647.3657
SC_BGT_p5,440,2.611111111,1.275360031,89533.76667,69026.34483,203237.3368
SC_BGT_p5,267,2.766666667,0.955103252,97785.44828,91122.64286,159135.7918
SC_BGT_p5,462,2.457142857,1.091338815,165478.7188,153710.322,248894.6799
SC_BGT_p5,309,2.416666667,1.187317237,125397.9767,104810.8684,199103.3811
SC_BGT_p5,161,2.225806452,1.098670088,100754.3929,105888.2692,207809.6078
SC_BGT_p5,148,2.423076923,0.927074676,108913.04,93658.17391,190970.1271
SC_BGT_p5,131,2.761904762,1.108613974,117367.9412,106931.9375,169862.6513
SC_BGT_p5,269,2.433962264,0.981132075,94529.16,86626.85106,170780.1484
SC_BGT_p5,278,2.844444444,1.315810786,71992.90244,63120.34211,132068.8295
SC_BGT_p5,207,2.382352941,0.970588235,105651.6563,99887.3871,163455.5611
SC_BGT_p5,226,2.684210526,1.102754044,127242.9394,130736.5,221618.3322
SC_BGT_p5,244,2.3,0.979795897,182337.9231,132344.9394,252385.4069
SC_BGT_p5,291,2.541666667,1.206895697,68892.61905,59529.59459,132882.5677
SC_BGT_p5,270,2.765957447,1.170792893,77915.30952,76831.26829,176444.225
SC_BGT_p5,156,2.125,0.819679816,123109.2903,98199.82759,186872.3094
SC_BGT_p5,184,2.21875,1.13837535,102192.9667,85685.62963,199881.4064
SC_BGT_p5,296,2.804878049,1.234059575,107021.3889,107021.3889,184676.8747
SC_BGT_p5,332,2.98,1.348925498,81077.18605,52587.12821,162889.5576
SC_BGT_p5,48,2.4,1.019803903,185433.6,185433.6,264876.2338
SC_BGT_p5,444,2.545454545,0.90518642,81006.94595,66196.51471,146148.2554
SC_BGT_p5,382,2.762711864,1.225975683,105366.32,84225.09302,167318.1717
SC_BGT_p5,246,3.333333333,1.471960144,93588.375,80876.95455,164331.4396
SC_BGT_p5,422,2.76744186,1.361210291,128427.9429,114881.3548,214708.3431
SC_BGT_p5,444,2.584415584,0.916666028,65030.59459,52750.55224,121168.5771
SC_BGT_p5,364,2.943396226,1.446075944,118827.2308,101366.1714,179590.2351
SC_BGT_p5,312,2.754716981,1.287174181,148255.2444,124441.8049,221852.6544
SC_BGT_p5,77,2.125,0.78062475,94519,94519,104080.551
SC_BGT_p5,51,2.222222222,0.628539361,144447.4444,144447.4444,155750.2449
SC_BGT_p5,39,1.833333333,0.372677996,132359.5,81832.25,104690.8788
SC_BGT_p5,30,2,0.577350269,77761.83333,77761.83333,82573.84049
SC_BGT_p5,55,2.2,0.871779789,136666.3,125916.5556,201819.7178
SC_BGT_p5,30,2.5,0.5,61872.66667,61872.66667,77499.55049
SC_BGT_p5,31,2.2,0.4,75879,75879,84352.51242
SC_BGT_p5,27,2,1.095445115,94005.8,94005.8,104850.112
SC_BGT_p5,26,2.25,0.829156198,70534.25,70534.25,94291.65814
SC_BGT_p5,295,3.020833333,1.089525572,45629.71429,27072.42105,84661.29845
SC_BGT_p5,116,2.476190476,1.051939144,57160.31579,57160.31579,152326.4463
SC_BGT_p5,578,2.413333333,0.9251066,116588.9429,118208.8929,199434.0243
SC_BGT_p5,281,2.894736842,1.518126853,108029.0645,99381.82759,208553.969
SC_BGT_p5,316,2.760869565,1.087173891,106627.4,75281.70968,169210.9881
SC_BGT_p5,293,3.369565217,1.239892977,53814.66667,47228.11429,106532.4727
SC_BGT_p5,365,2.466666667,1.087300429,125658.4146,120334.3684,205614.0961
SC_BGT_p5,126,2.411764706,1.239488677,137883.0625,137883.0625,229212.6994
SC_BGT_p5,490,2.694117647,1.380737479,111540.4,101317.9219,200751.5328
SC_BGT_p5,378,2.446808511,1.163423244,148091.8333,144629.9487,237305.1247
SC_BGT_p5,253,2.864864865,1.276866142,160416.3448,147599.75,217898.4209
SC_BGT_p5,559,2.595959596,1.262666666,80786.42045,57634.90667,150806.8238
SC_BGT_p5,430,2.328947368,1.104871484,100419.5942,89861.55172,169861.4959
SC_BGT_p5,70,2.333333333,0.869226987,188592.1538,147287.4167,278126.6047
SC_BGT_p5,106,2.307692308,0.605692913,136590.6923,128522.0833,194641.4991
SC_BGT_p5,70,2.777777778,0.916245695,50854,50854,74638.78143
SC_BGT_p5,240,2.783783784,1.165613981,91463.61765,85618.75758,175197.8838
SC_BGT_p5,605,2.627272727,1.189798233,114026.5204,106832.1087,179823.942
SC_BGT_p5,783,2.710144928,1.430530957,144972.6855,93134.21154,235411.1119
SC_BGT_p5,653,2.852173913,1.166514528,98270.52041,89753.97753,159115.8219
SC_BGT_p5,354,2.307692308,1.158111773,91628.52941,85788.66667,147321.9525
SC_BGT_p5,186,2.65625,1.383143499,90073.26923,66947.95652,111094.35
SC_BGT_p5,565,2.9,1.454303957,100807.9545,79418.73214,179659.8443
SC_BGT_p5,640,2.484536082,0.99600648,106094.4659,85470.58333,163294.4319
SC_BGT_p5,643,2.536842105,1.083955003,112771.6118,97507.80556,168157.2548
SC_BGT_p5,590,2.858823529,1.51193636,113701.4167,94524.55,189040.1765
SC_BGT_p5,560,2.72826087,1.114170201,125795.6463,104833.0615,182448.7428
SC_BGT_p5,364,2.328767123,1.007571263,133041.5522,126546.9333,220375.4445
SC_BGT_p5,656,2.323232323,1.05244576,112072.0105,82838.57143,160162.8088
SC_BGT_p5,445,2.325581395,1.175741829,178064.1026,149850.6377,254540.262
SC_BGT_p5,412,2.130952381,0.896816617,150499,143318.6197,220948.0995
SC_BGT_p5,170,2.413793103,1.377585128,120893.7917,96400.08696,224303.8167
SC_BGT_p5,631,2.309278351,1.029070492,119776.086,88283.59155,170314.9173
SC_BGT_p5,558,2.72826087,1.114170201,126199.5732,105342.6308,182206.7058
SC_BGT_p5,158,2.434782609,0.924360505,106018.5455,97526.85714,166868.8612
SC_BGT_p5,618,2.663366337,1.162765802,129649.9022,117867.3837,200999.9299
SC_BGT_p5,512,2.854166667,1.249826377,87044.2875,80415.86667,164103.8886
SC_BGT_p5,317,2.732142857,1.172467962,77809.08511,63727.15909,150211.5311
SC_BGT_p5,560,2.578947368,1.174993369,111720.8182,79899.84286,174679.2714
SC_BGT_p5,666,2.875,1.123931116,96062.86957,90288.5618,183357.9545
SC_BGT_p5,499,2.02,0.882949602,169060.6526,156499.1899,233808.918
SC_BGT_p5,300,2.508474576,0.963272694,95459.61111,75721.57447,157727.0448
SC_BGT_p5,445,2.382022472,0.965769391,156455.0465,140809.4675,209138.8582
SC_BGT_p5,230,2.171428571,1.10804111,158035.8485,141591.6875,236909.9174
SC_BGT_p5,806,2.472972973,1.00972264,116906.2555,92550.30275,162504.7251
SC_BGT_p5,699,2.660714286,1.306259459,99190.31579,78699.10843,179383.5057
SC_BGT_p5,463,2.35106383,0.96433691,163051.8681,142477.358,219488.4221
SC_BGT_p5,699,2.651785714,1.251497827,96776.21053,77810.71429,179099.4348
SC_BGT_p5,241,2.729166667,1.203113727,109607.8095,90873.375,186874.4668
SC_BGT_p5,1134,2.564356436,1.180835764,107843.6954,84343.48551,170818.8923
SC_BGT_p5,116,2.222222222,0.853460639,153645.3889,152894.5625,204738.5655
SC_BGT_p5,742,2.713178295,1.128858918,120259.7815,108335.9712,205241.3328
SC_BGT_p5,820,2.443708609,1.014045479,119572.65,101849.2281,172649.7083
SC_BGT_p5,751,2.641666667,1.256952885,99849.37864,77567.94382,189474.8709
SC_BGT_p5,1042,2.571428571,1.079598481,112409.2948,85362.44604,179603.4995
SC_BGT_p5,224,2.80952381,1.117780438,86760.05128,87472.21622,186216.5765
SC_BGT_p5,274,2.770833333,1.211740885,86784.125,82701.57895,168153.8189
SC_BGT_p5,469,2.319587629,0.868063276,143333.2,130807.8095,192208.8876
SC_BGT_p5,808,2.700636943,1.108536466,102965.331,74444.575,172426.0239
SC_BGT_p5,800,2.703225806,1.125506014,113203.0863,84882.65217,180074.6831
SC_BGT_p5,245,2.659090909,1.146995716,63722.80952,66318.36111,148162.5688
SC_BGT_p5,81,2.25,1.010362971,160521.8182,160521.8182,205353.1089
SC_BGT_p5,331,2.5,1.136515141,82296.31111,79398.09524,169956.6831
SC_BGT_p5,105,2.214285714,0.939496174,173942.8462,173942.8462,251521.4256
SC_BGT_p5,295,2.468085106,1.302225,115409.2683,105641.9167,205842.1482
SC_BGT_p5,694,2.682692308,1.195057313,117916.5238,93538.62667,195196.9816
SC_BGT_p5,1079,2.5,1.032909197,108673.0902,71463.90099,167343.5449
SC_BGT_p5,194,2.594594595,0.820660889,111706.4545,104439.2333,184049.9589
SC_BGT_p5,555,2.611111111,1.19670329,126942.9833,122499.8947,202550.2996
SC_BGT_p5,769,2.430232558,1.253281253,141064.1216,121829.4769,216940.5626
SC_BGT_p5,112,2.142857143,0.832993128,149578.5238,152742.05,232352.0837
SC_BGT_p5,26,2,0.534522484,42398.85714,42398.85714,39466.82409
SC_BGT_p5,374,2.608695652,1.310132102,155485.6721,81162.79167,246449.6789
SC_BGT_p5,224,2.775,1.060365503,90427.55882,54532.25926,148185.7593
SC_BGT_p5,138,2.321428571,0.847415037,190502.1071,141086.2105,205952.0458
SC_BGT_p5,1087,2.639751553,1.161241545,109808.6284,86781.9,183384.6042
SC_BGT_p5,144,2.722222222,1.145307118,89262.88889,89262.88889,171979.0202
SC_BGT_p5,54,2.727272727,1.285648693,60696.66667,60696.66667,89065.03003
SC_BGT_p5,1767,2.35193133,1.155582886,148022.7071,125241.622,219525.2762
SC_BGT_p5,2368,2.284644195,1.064171428,128851.7366,115788.8738,207552.4584
SC_BGT_p5,158,2.48,0.94318609,77591.41667,77591.41667,152188.5227
SC_BGT_p5,154,3.407407407,1.225024845,48006.875,48006.875,144110.7085
SC_BGT_p5,274,2.866666667,1.107549848,83479.46512,75060.8,145898.1613
SC_BGT_p5,208,2,0.778498944,125105.0625,92803.81481,197247.6798
SC_BGT_p5,266,2.4,0.916515139,69629.63158,65203.02703,136920.749
SC_BGT_p5,514,2.853932584,1.241153521,63348.1125,48066.48611,136461.9423
SC_BGT_p5,128,2.210526316,1.150695322,188937.5,188937.5,256332.3689
SC_BGT_p5,255,2.729166667,1.131731405,87483.13333,83009.02273,165375.5204
SC_BGT_p5,166,2.413793103,0.810161388,87949.39286,83241.03846,158885.2304
SC_BGT_p5,185,3.25,1.984313483,64792.66667,63527.05882,108503.9206
SC_BGT_p5,171,2.393939394,1.071373911,179743.4688,170678.931,240342.3375
SC_BGT_p5,74,1.923076923,0.916644253,242356.8462,270805.3636,262339.1606
SC_BGT_p5,37,2.3,1.734935157,176835.5556,121406.2857,273352.5953
SC_BGT_p5,37,2.111111111,0.737027731,157744.1111,157744.1111,213817.2863
SC_BGT_p5,19,2,0.816496581,5971.333333,5971.333333,4357.731239
SC_BGT_p5,18,2.5,1.658312395,186944.5,186944.5,287983.6295
SC_BGT_p5,27,2,0.866025404,195430.75,195430.75,284866.7266
SC_BGT_p5,62,2.5,1.258305739,144510,144510,256894.9944
SC_BGT_p5,242,2.761904762,1.171273703,159094.8718,140054.5294,243311.4376
SC_BGT_p5,118,2.647058824,0.966569219,147978.2857,141406.3077,198169.0021
SC_BGT_p5,127,2.714285714,0.982846069,105894.6,74403.52941,126181.9308
SC_BGT_p5,109,2.45,0.920597632,142179.1765,142179.1765,221143.7664
SC_BGT_p5,179,2.944444444,1.311158191,143388.8125,123252.3571,230868.5273
SC_BGT_p5,153,2.25,0.866025404,130242.375,121623.7931,186176.1967
SC_BGT_p5,53,2.875,1.165922382,25633.83333,25633.83333,30278.35342
SC_BGT_p5,27,2.8,1.720465053,26273.25,26273.25,45204.27991
SC_BGT_p5,35,1.833333333,0.372677996,86913.16667,86913.16667,129348.457
SC_BGT_p5,116,2.315789474,0.976170368,201187.6842,170876.6471,268012.5766
SC_BGT_p5,47,2.857142857,0.638876565,24199,24199,31475.28948
SC_BGT_p5,132,2.956521739,1.267598238,110570.35,110570.35,164636.1231
SC_BGT_p5,466,2.53164557,1.111908418,112638.8493,96844.56061,202531.9809
SC_BGT_p5,179,2.551724138,1.220124553,172799.5417,167949.7826,244068.8353
SC_BGT_p5,120,2.227272727,1.08426004,183483.5909,133407.05,256978.4239
SC_BGT_p5,198,2.606060606,0.951534453,117040.3103,112884.1071,206552.9998
SC_BGT_p5,589,2.154639175,1.058497342,103020.1304,94675.8875,183918.9718
SC_BGT_p5,1204,2.467391304,1.097933701,145055.2364,126129.9924,212008.9359
SC_BGT_p5,172,2.548387097,1.010867072,146572.069,108532.36,194466.2307
SC_BGT_p5,791,2.744444444,1.13098886,79581.30864,43100.01449,158432.5603
SC_BGT_p5,298,2.78,1.153949739,129398.4419,107779.9,209888.0201
SC_BGT_p5,99,2,0.648885685,175950.6842,166568.5333,211403.6756
SC_BGT_p5,307,2.482758621,1.037925306,89009.94444,71156.67347,144275.0052
SC_BGT_p5,211,2.268292683,0.937677209,137334.8049,136306.8684,210058.751
SC_BGT_p5,39,2.111111111,0.874889764,110617.125,110617.125,218464.1105
SC_BGT_p5,13,1.666666667,0.471404521,379168,379168,244421.5707
SC_BGT_p5,9,2,0,53591,53591,32299
SC_BGT_p5,7,1.5,0.5,46178.5,46178.5,39711.5
SC_BGT_p5,26,1.8,0.748331477,165487,165487,260677.854
SC_BGT_p5,470,2.666666667,1.192569588,113776.5897,105155.4118,197745.5684
SC_BGT_p5,684,2.567307692,1.035563977,133164.9579,103845.28,180016.3371
SC_BGT_p5,142,2.56,1.022936948,79319.45455,79319.45455,117829.4667
SC_BGT_p5,468,2.659090909,1.08592612,96681.68293,98910.24324,190561.8711
SC_BGT_p5,144,2.791666667,1.224035902,131732.619,134024.75,206296.7368
SC_BGT_p5,122,2.75,0.62249498,103026.2,103026.2,169265.4065
SC_BGT_p5,300,3.071428571,1.261005969,86811.65714,89281.70588,194226.7228
SC_BGT_p5,103,2.526315789,0.9385555,149809.9474,133982.4118,218076.5237
SC_BGT_p5,662,2.645833333,1.136324179,107866.7778,89078.59211,178404.7008
SC_BGT_p5,226,2.435897436,1.127622227,54584.37143,51767.84848,119288.6941
SC_BGT_p5,457,2.597014925,1.435786762,99806.94643,79242.2449,172435.5365
SC_BGT_p5,16,2.666666667,0.942809042,30494,30494,39202.34297
SC_BGT_p5,15,2.333333333,1.247219129,55401.66667,55401.66667,38858.35365
SC_BGT_p5,18,3,0.816496581,8691,8691,11397.24891
SC_BGT_p5,15,2,0.816496581,83745.66667,83745.66667,2825.826644
SC_BGT_p5,16,2.333333333,0.942809042,55795.33333,55795.33333,38086.19041
SC_BGT_p5,14,2,0.816496581,82821.5,82821.5,3068.5
SC_BGT_p5,16,2.333333333,0.942809042,55795.33333,55795.33333,38086.19041
SC_BGT_p5,1169,2.532894737,1.11754997,125526.7368,92066.16364,202522.117
SC_BGT_p5,16,1.666666667,0.471404521,149046,149046,157769.2981
SC_BGT_p5,16,2.666666667,0.942809042,29982.33333,29982.33333,39543.94664
SC_BGT_p5,15,2.333333333,0.942809042,55795.33333,55795.33333,38086.19041
SC_BGT_p5,961,2.513761468,1.154287412,132811.87,124316.1977,224737.2874
SC_BGT_p5,1178,2.597315436,1.2580984,142397.8976,103709.9902,215666.9163
SC_BGT_p5,92,2.642857143,1.108869621,207186.5833,200172.2727,235824.5132
SC_BGT_p5,1305,2.376518219,1.07978069,130219.8326,98639.64327,198521.5072
SC_BGT_p5,1016,2.431034483,1.151391996,169162.6859,118699.7739,227521.0889
SC_BGT_p5,389,2.2,0.979795897,146753.8939,127449.2407,217459.799
SC_BGT_p5,204,2.592592593,0.913246519,75613,80195.25,161939.6192
SC_BGT_p5,135,2.333333333,1.027402334,167364.6818,160759.75,232066.4275
SC_BGT_p5,525,2.296703297,1.042972353,141276.3377,130904.6471,229689.0682
SC_BGT_p5,822,2.358490566,1.106203314,114704.9197,102608.6829,208808.3821
SC_BGT_p5,788,2.478571429,1.221637409,119499.5391,91911.56481,207337.8614
SC_BGT_p5,286,2.911111111,1.170417252,113609.8,101568.5263,227503.3801
SC_BGT_p5,1299,2.368852459,1.009794815,119465.125,96281.62644,191030.6853
SC_BGT_p5,1034,2.434065934,1.121000317,162542.5031,115521.8632,225308.8812
SC_BGT_p5,158,2.382352941,0.970588235,158360,134217.25,214649.1114
SC_BGT_p5,136,2.260869565,1.150326657,177897.619,177897.619,260524.8591
SC_BGT_p5,162,2.222222222,0.955813919,162058.1852,109987.8333,238825.2865
SC_BGT_p5,961,2.481927711,1.235630133,122005.1382,94836.39844,205797.038
SC_BGT_p5,591,2.541666667,1.117257306,138296.186,123050.1316,216776.9226
SC_BGT_p5,93,2.25,0.829156198,60313.16667,61938.63636,111704.9333
SC_BGT_p5,86,2.875,1.165922382,123767.375,123767.375,224456.1964
SC_BGT_p5,98,2.5,0.906326967,152469.6154,152469.6154,245312.376
SC_BGT_p5,100,2.8125,1.073472752,134741.2308,107540.7273,149848.8674
SC_BGT_p5,73,2,0.755928946,80936.76923,80936.76923,83031.3521
SC_BGT_p5,134,2.555555556,0.895806416,170994.1875,176667.8,229685.6036
SC_BGT_p5,74,2.461538462,0.842650088,28676.25,27632.90909,29808.20219
SC_BGT_p5,189,3,1.270977819,130390.0476,118728.1111,215050.7181
SC_BGT_p5,1320,2.399193548,0.994906056,118359.7857,94523.38333,195216.3065
SC_BGT_p5,866,2.477124183,1.132323468,125219.8,100284.864,213203.001
SC_BGT_p5,204,2.657142857,1.093953698,105883.7586,74600.3913,122804.8931
SC_BGT_p5,120,2.181818182,1.028518954,147164.3,150367.2632,228993.9298
SC_BGT_p5,1023,2.446927374,1.073411025,138027.7267,99423.23577,210158.2165
SC_BGT_p5,140,2.074074074,1.015652533,148731.1852,149595.8,235915.1544
SC_BGT_p5,113,2.315789474,0.798197415,138274.4737,127081.5882,140124.922
SC_BGT_p5,851,2.313253012,1.074655572,116580.6908,94543.77444,211604.8327
SC_BGT_p5,115,3.111111111,0.936238864,43471.05556,43471.05556,52764.96351
SC_BGT_p5,168,2.64516129,0.899762947,115185.8387,91131.67857,158999.4962
SC_BGT_p5,99,2.75,0.829156198,81656.85,82825,97020.14503
SC_BGT_p5,91,2.285714286,0.93313895,144036.0952,142655.4444,151715.3079
SC_BGT_p5,635,2.076923077,1.06110837,193427.0471,170712.6944,256952.3688
SC_BGT_p5,580,2.459183673,1.070650835,94904.66667,52325.61194,151726.5115
SC_BGT_p5,99,2.35,1.013656747,92538.45,64019.92308,82200.65415
SC_BGT_p5,560,2.46875,1.126879218,127855.6444,97339.39394,195809.6756
SC_BGT_p5,580,2.149425287,0.977079105,174424.619,154140,249040.8794
SC_BGT_p5,141,3.038461538,1.159601033,86088.73913,77077.13636,134370.7732
SC_BGT_p5,268,2.659574468,1.135062014,73118.75556,71402.97619,150076.183
SC_BGT_p5,759,2.5,1.185854123,143803.1624,111750.9902,235221.963
SC_BGT_p5,137,2.730769231,1.630424492,183976.1364,183976.1364,273936.2983
SC_BGT_p5,16,2.333333333,0.942809042,56900.33333,56900.33333,36526.68139
SC_BGT_p5,845,2.525179856,1.114527582,145753.256,108480.1321,232312.9612
SC_BGT_p5,17,2.666666667,1.247219129,29430.33333,29430.33333,35594.52496
SC_BGT_p5,1004,2.372093023,1.131437773,88639.63804,72229.8806,167984.2459
SC_BGT_p5,16,2.333333333,0.942809042,38798,38798,29176.39995
SC_BGT_p5,15,2.333333333,0.942809042,55795.33333,55795.33333,38086.19041
SC_BGT_p5,752,2.69047619,1.116003966,103679.8246,85613.1828,179723.9984
SC_BGT_p5,17,3,1.414213562,29039.66667,29039.66667,40199.8103
SC_BGT_p5,14,1.333333333,0.942809042,95229.5,95229.5,9339.5
SC_BGT_p5,1139,2.391812866,1.099570724,117261.125,94981.86364,199511.9322
SC_BGT_p5,16,2.333333333,0.942809042,39029,39029,29229.63446
SC_BGT_p5,17,2.666666667,0.942809042,29982.33333,29982.33333,39543.94664
SC_BGT_p5,1079,2.36746988,1.060189621,123677.8808,97105.12308,205617.7285
SC_BGT_p5,219,2.292682927,1.017982281,133821.0541,119073.8182,193777.3878
SC_BGT_p5,108,2.25,0.993730346,87129.31579,57456.8,103197.1852
SC_BGT_p5,142,2.454545455,0.838140405,142237.2273,126434.1875,166676.7369
SC_BGT_p5,726,2.41221374,1.017932563,126639.3162,90692.60396,217956.4473
SC_BGT_p5,240,2.263157895,0.991654931,86227.17647,80936.03125,172619.3773
SC_BGT_p5,251,2.355555556,0.969663299,134783.4762,115518.6316,235639.2544
SC_BGT_p5,549,2.29787234,1.039944631,164267.4943,152068.8659,235053.841
SC_BGT_p5,529,2.359550562,1.104100539,113543.7692,85469.75362,193948.5738
SC_BGT_p5,647,2.361344538,1.074776447,117106.8286,93054.60227,212743.6723
SC_BGT_p5,539,2.303370787,1.053666625,117772.15,91024.94366,201706.678
SC_BGT_p5,117,2.5,0.866025404,138078.0769,130133.4167,192753.2015
SC_BGT_p5,100,2.2,0.8,135111.04,101387.4737,162780.3353
SC_BGT_p5,188,1.852941176,0.911764706,172581.7273,159899.8929,214752.9901
SC_BGT_p5,902,2.352941176,1.076004399,134687.7,107802.8815,211067.0099
SC_BGT_p5,211,2.214285714,0.939496174,180933.92,162720.9,218444.4139
SC_BGT_p5,135,2.1,1.135781669,240698.4737,241103.1667,281512.459
SC_BGT_p5,236,2.486486486,1.176840057,168346.3429,114678.4194,255404.1351
SC_BGT_p5,796,2.647540984,1.179900879,84739.5514,55976.92135,132858.3435
SC_BGT_p5,299,3.019607843,1.228584329,85291.61364,83713.54762,168320.2152
SC_BGT_p5,100,2.55,0.920597632,92832.73684,85022.66667,165681.4324
SC_BGT_p5,238,2.341463415,1.201822926,98030.54286,98030.54286,190949.5938
SC_BGT_p5,330,2.62745098,1.136916785,108308.6087,81461.61538,190153.4216
SC_BGT_p5,98,2.777777778,0.785674201,75034.5,75034.5,122268.4045
SC_BGT_p5,241,2.25,0.968245837,104932.4222,108977.6279,198954.8772
SC_BGT_p5,215,2.620689655,1.126905837,95241.95652,95241.95652,157660.3144
SC_BGT_p5,701,2.553191489,1.293330035,143911.7229,114575.9861,236515.8807
SC_BGT_p5,10,2.5,0.5,12034,12034,1938
SC_BGT_p5,483,2.597402597,1.153872534,123592.2353,120320.4,201276.1498
SC_BGT_p5,1068,2.56875,1.349175095,118794.8345,98747.248,199645.9602
SC_BGT_p5,1320,2.578313253,1.152477498,123386.4043,103834.3443,202833.0395
SC_BGT_p5,1451,2.697115385,1.216707152,143031.8603,114961.1946,222926.8131
SC_BGT_p5,163,2.125,0.892678554,153624.2667,153624.2667,228212.4967
SC_BGT_p5,320,2.490196078,1.33390991,156634.5682,137697.2308,217724.6088
SC_BGT_p5,119,2.368421053,1.17922929,184911.1053,184911.1053,273647.911
SC_BGT_p5,1301,2.613496933,1.173977317,147238.2681,127826.5739,224390.3063
SC_BGT_p5,981,2.657142857,1.277114094,114989.9815,103716.9412,219533.6666
SC_BGT_p5,1514,2.653679654,1.234942858,142661.8366,106089.7012,229510.964
SC_BGT_p5,1997,2.389121339,1.165780783,178629.6759,158538.2556,242617.5993
SC_BGT_p5,117,2.6,1.2,149583.2941,149583.2941,256196.6957
SC_BGT_p5,378,2.371428571,1.08458588,142324.625,140070.3492,233887.8723
SC_BGT_p5,376,2.381578947,1.202706436,174630.3919,100968.6379,252856.2592
SC_BGT_p5,227,2.829268293,1.00976788,94528.59459,95796.27778,176143.1202
SC_BGT_p5,704,2.305084746,1.123768438,137142.1964,93023.9186,208009.888
SC_BGT_p5,456,2.461538462,1.140088927,103511.9714,91703.08929,183443.5526
SC_BGT_p5,226,3,1.441153384,133230.35,109104.4444,243548.2124
SC_BGT_p5,628,2.816091954,1.088378902,111762.4103,81728.86885,184086.1415
SC_BGT_p5,144,2.517241379,1.24901864,163112.2857,163112.2857,252926.5792
SC_BGT_p5,1136,2.48427673,1.103769105,121598,112760.4586,203709.4859
SC_BGT_p5,162,1.838709677,0.722753436,179435.9677,134617.2308,264640.7321
SC_BGT_p5,729,2.475,1.024390062,118364.9315,96397.44068,179499.6943
SC_BGT_p5,181,2.428571429,1.049781318,167488.3333,162214.28,217566.4253
SC_BGT_p5,310,2.274509804,0.909178284,124618.2667,117602.5405,198154.1889
SC_BGT_p5,55,2.666666667,1.054092553,105991.625,105991.625,153216.5382
SC_BGT_p5,294,2.590909091,1.029522878,107440.0526,91701.35294,155129.8838
SC_BGT_p5,622,2.411764706,1.169728581,85721.13333,70425.64583,151047.2796
SC_BGT_p5,252,2.540540541,1.367471421,187585.4848,172064.75,274901.3413
SC_BGT_p5,128,2.529411765,0.775935645,121046.9375,60980.4,126248.0767
SC_BGT_p5,11,3,0,10126,10126,3664
SC_BGT_p5,155,2.25,0.829156198,134980.4286,146536.0417,226898.0993
SC_BGT_p5,225,2.714285714,0.973107792,86359.66667,86359.66667,179655.1763
SC_BGT_p5,247,2.25,1.177921899,86972.16216,72872.55882,183379.1622
SC_BGT_p5,180,2.636363636,0.915131447,74830.8125,54260.27586,117299.2104
SC_BGT_p5,218,2.710526316,0.997573233,84900,70535.96552,144841.5525
SC_BGT_p5,49,2.111111111,0.566557724,209474.5556,189738.25,216124.3358
SC_BGT_p5,73,2.8,1.2489996,92494.44444,92494.44444,210967.0707
SC_BGT_p5,95,2.714285714,0.699854212,71536.76923,89359.3,178279.1641
SC_BGT_p5,105,2.928571429,1.1627729,71667.08333,81627.11111,102516.4466
SC_BGT_p5,138,2.695652174,1.03984876,115926.381,115926.381,173708.9016
SC_BGT_p5,303,2.954545455,1.594800436,107241.6571,77724.6,151569.7954
SC_BGT_p5,289,2.525,0.948353837,158875.5714,134389.52,184144.5786
SC_BGT_p5,168,2.486486486,1.221908601,125826.9697,127075,216360.6801
SC_BGT_p5,136,2.84,1.083697375,68208.63636,68208.63636,149803.6078
SC_BGT_p5,672,2.770114943,0.979105262,106261.4444,69883.71186,150932.2232
SC_BGT_p5,551,2.888888889,1.242259988,94247.33333,76984.91071,167446.4709
SC_BGT_p5,19,3,0,4424.333333,4424.333333,3491.408248
SC_BGT_p5,15,2,0.816496581,33312.66667,33312.66667,37362.70149
SC_BGT_p5,167,2.296296296,1.116038457,232917.9565,232917.9565,304294.6977
SC_BGT_p5,809,2.688073395,1.304172891,103399.5851,91618.89286,181348.5914
SC_BGT_p5,871,3.030927835,1.327377138,93191.12857,86426.88889,178531.1377
SC_BGT_p5,170,2.346153846,1.072104605,154896.32,154896.32,250201.8147
SC_BGT_p5,342,2.282608696,0.900797798,84877.32558,57417.37143,138956.9713
SC_BGT_p5,162,2.258064516,1.014976305,177717.5484,149666.8846,241594.8839
